Theocratic	Ancient Near East	# <h3>The Ancient Near East</h3>
Theocratic	Ancient Near East	Unknown	Gilgamesh
Theocratic	Ancient Near East	Unknown	Egyptian Book of the Dead
Theocratic	Ancient Near East	Unknown	Holy Bible    King James Version
Theocratic	Ancient Near East	Unknown	Sayings of the Fathers	Pirke Aboth
Theocratic	Ancient India	# <h3>Ancient India     (Sanskrit)</h3>
Theocratic	Ancient India	Unknown	Mahabharata
Theocratic	Ancient India	Unknown	Bhagavad-Gita
Theocratic	Ancient India	Unknown	Ramayana
Theocratic	Ancient Greeks	# <h3>The Ancient Greeks</h3>
Theocratic	Ancient Greeks	Homer	Iliad
Theocratic	Ancient Greeks	Homer	Odyssey
Theocratic	Ancient Greeks	Hesiod	Works and Days
Theocratic	Ancient Greeks	Hesiod	Theogony
Theocratic	Ancient Greeks	Pindar	Odes
Theocratic	Ancient Greeks	Aeschylus	Oresteia
Theocratic	Ancient Greeks	Aeschylus	Seven Against Thebes
Theocratic	Ancient Greeks	Aeschylus	Prometheus Bound
Theocratic	Ancient Greeks	Aeschylus	Persians
Theocratic	Ancient Greeks	Aeschylus	Suppliant Women
Theocratic	Ancient Greeks	Sophocles	Oedipus the King
Theocratic	Ancient Greeks	Sophocles	Oedipus at Colonus
Theocratic	Ancient Greeks	Sophocles	Antigone
Theocratic	Ancient Greeks	Sophocles	Electra
Theocratic	Ancient Greeks	Sophocles	Ajax
Theocratic	Ancient Greeks	Sophocles	Women of Trachis
Theocratic	Ancient Greeks	Sophocles	Philoctetes
Theocratic	Ancient Greeks	Euripides	Cyclops
Theocratic	Ancient Greeks	Euripides	Heracles
Theocratic	Ancient Greeks	Euripides	Alcestis
Theocratic	Ancient Greeks	Euripides	Hecuba
Theocratic	Ancient Greeks	Euripides	Bacchae
Theocratic	Ancient Greeks	Euripides	Orestes
Theocratic	Ancient Greeks	Euripides	Andromache
Theocratic	Ancient Greeks	Euripides	Medea
Theocratic	Ancient Greeks	Euripides	Ion
Theocratic	Ancient Greeks	Euripides	Hippolytus
Theocratic	Ancient Greeks	Euripides	Helen
Theocratic	Ancient Greeks	Euripides	Iphigenia at Aulis
Theocratic	Ancient Greeks	Aristophanes	The Birds
Theocratic	Ancient Greeks	Aristophanes	The Clouds
Theocratic	Ancient Greeks	Aristophanes	The Frogs
Theocratic	Ancient Greeks	Aristophanes	Lysistrata
Theocratic	Ancient Greeks	Aristophanes	The Knights
Theocratic	Ancient Greeks	Aristophanes	The Wasps
Theocratic	Ancient Greeks	Aristophanes	The Assemblywomen
Theocratic	Ancient Greeks	Herodotus	The Histories
Theocratic	Ancient Greeks	Thucydides	The Peloponnesian Wars
Theocratic	Ancient Greeks	Plato	Dialogues
Theocratic	Ancient Greeks	Aristotle	Poetics
Theocratic	Ancient Greeks	Aristotle	Ethics
Theocratic	Hellenistic Greeks	# <h3>Hellenistic Greeks</h3>
Theocratic	Hellenistic Greeks	Menander	The Girl from Samos
Theocratic	Hellenistic Greeks	Longinus	On the Sublime
Theocratic	Hellenistic Greeks	Callimachus	Hymns
Theocratic	Hellenistic Greeks	Callimachus	Epigrams
Theocratic	Hellenistic Greeks	Theocritus	Idylls
Theocratic	Hellenistic Greeks	Plutarch	Lives
Theocratic	Hellenistic Greeks	Plutarch	Moralia
Theocratic	Hellenistic Greeks	Aesop	Fables
Theocratic	Hellenistic Greeks	Lucian	Satires
Theocratic	Hellenistic Greeks	# <h3>The Romans</h3>
Theocratic	Hellenistic Greeks	Plautus	Pseudolus
Theocratic	Hellenistic Greeks	Plautus	The Braggart Soldier
Theocratic	Hellenistic Greeks	Plautus	The Rope
Theocratic	Hellenistic Greeks	Plautus	Amphitryon
Theocratic	Hellenistic Greeks	Terence	The Girl from Andros
Theocratic	Hellenistic Greeks	Terence	The Eunuch
Theocratic	Hellenistic Greeks	Terence	The Mother-in-Law
Theocratic	Hellenistic Greeks	Lucretius	The Way Things Are
Theocratic	Hellenistic Greeks	Cicero	On the Gods
Theocratic	Hellenistic Greeks	Horace	Odes
Theocratic	Hellenistic Greeks	Horace	Epistles
Theocratic	Hellenistic Greeks	Horace	Satires
Theocratic	Hellenistic Greeks	Persius	Satires
Theocratic	Hellenistic Greeks	Catullus	Attis	Other Poems
Theocratic	Hellenistic Greeks	Virgil	Aeneid
Theocratic	Hellenistic Greeks	Virgil	Eclogues
Theocratic	Hellenistic Greeks	Virgil	Georgics
Theocratic	Hellenistic Greeks	Lucan	Pharsalia
Theocratic	Hellenistic Greeks	Ovid	Metamorphoses
Theocratic	Hellenistic Greeks	Ovid	The Art of Love
Theocratic	Hellenistic Greeks	Ovid	Heroides
Theocratic	Hellenistic Greeks	Juvenal	Satires
Theocratic	Hellenistic Greeks	Martial	Epigrams
Theocratic	Hellenistic Greeks	Seneca	Tragedies
Theocratic	Hellenistic Greeks	Seneca	Medea	in Tragedies
Theocratic	Hellenistic Greeks	Seneca	Hercules Furens	in Tragedies
Theocratic	Hellenistic Greeks	Petronius	Satyricon
Theocratic	Hellenistic Greeks	Apuleius	The Golden Ass
Theocratic	Middle Ages	# <h3>The Middle Ages: Latin, Arabic, and the Vernacular Before Dante</h3>
Theocratic	Middle Ages	Saint Augustine	City of God
Theocratic	Middle Ages	Saint Augustine	Confessions
Theocratic	Middle Ages	Unknown	The Book of the Thousand Nights and One Night
Theocratic	Middle Ages	Unknown	The Poetic Edda
Theocratic	Middle Ages	Snorri Sturluson	The Prose Edda
Theocratic	Middle Ages	Unknown	The Nibelungen Lied
Theocratic	Middle Ages	Wolfram von Eschenbach	Parzival
Theocratic	Middle Ages	Chrétien de Troyes	Yvain: The Knight of the Lion
Theocratic	Middle Ages	Unknown	Beowulf
Theocratic	Middle Ages	Unknown	The Poem of the Cid
Theocratic	Middle Ages	Christine de Pisan	The Book of the City of Ladies
Theocratic	Middle Ages	Diego de San Pedro	Prison of Love
Aristocratic	Italy	# <h3>Italy</h3>
# Changed Dante to Dante Alighieri
Aristocratic	Italy	Dante Alighieri	The Divine Comedy
Aristocratic	Italy	Dante Alighieri	The New Life
Aristocratic	Italy	Petrarch	Lyric Poems
Aristocratic	Italy	Petrarch	Selections
Aristocratic	Italy	Giovanni Boccaccio	The Decameron
Aristocratic	Italy	Matteo Maria Boiardo	Orlando Innamorato
Aristocratic	Italy	Ludovico Ariosto	Orlando Furioso
Aristocratic	Italy	Michelangelo Buonarroti	Sonnets and Madrigals
Aristocratic	Italy	Niccolò Machiavelli	The Prince
Aristocratic	Italy	Niccolò Machiavelli	The Mandrake, a Comedy
Aristocratic	Italy	Leonardo da Vinci	Notebooks
Aristocratic	Italy	Baldassare Castiglione	The Book of the Courtier
Aristocratic	Italy	Gaspara Stampa	Sonnets
Aristocratic	Italy	Gaspara Stampa	Madrigals
Aristocratic	Italy	Giorgio Vasari	Lives of the Painters
Aristocratic	Italy	Benvenuto Cellini	Autobiography
Aristocratic	Italy	Torquato Tasso	Jerusalem Delivered
Aristocratic	Italy	Giordano Bruno	The Expulsion of the Triumphant Beast
Aristocratic	Italy	Tommaso Campanella	Poems
Aristocratic	Italy	Tommaso Campanella	The City of the Sun
Aristocratic	Italy	Giambattista Vico	Principles of a New Science
Aristocratic	Italy	Carlo Goldoni	The Servant of Two Masters
Aristocratic	Italy	Vittorio Alfieri	Saul
Aristocratic	Portugal	# <h3>Portugal</h3>
Aristocratic	Portugal	Luis de Camoëns	The Lusiads
Aristocratic	Portugal	Antònio Ferreira	Poetry
Aristocratic	Portugal	# <h3>Spain</h3>
Aristocratic	Portugal	Jorge Manrique	Coplas
Aristocratic	Portugal	Fernando de Rojas	La Celestina
Aristocratic	Portugal	Unknown	Lazarillo de Tormes
Aristocratic	Portugal	Francisco de Quevedo	Visions
Aristocratic	Portugal	Francisco de Quevedo	Satirical Letter of Censure
Aristocratic	Portugal	Fray Luis de León	Poems
Aristocratic	Portugal	St. John of the Cross	Poems
Aristocratic	Portugal	Luis de Góngora	Sonnets
Aristocratic	Portugal	Luis de Góngora	Soledades
Aristocratic	Portugal	Miguel de Cervantes	Don Quixote
Aristocratic	Portugal	Miguel de Cervantes	Exemplary Stories
Aristocratic	Portugal	Lope de Vega	La Dorotea
Aristocratic	Portugal	Lope de Vega	Fuente Ovejuna
Aristocratic	Portugal	Lope de Vega	Lost in a Mirror
Aristocratic	Portugal	Lope de Vega	The Knight of Olmedo
Aristocratic	Portugal	Tirso de Molina	The Trickster of Seville
Aristocratic	Portugal	Pedro Calderón de la Barca	Life is a Dream
Aristocratic	Portugal	Pedro Calderón de la Barca	The Mayor of Zalamea
Aristocratic	Portugal	Pedro Calderón de la Barca	The Mighty Magician
Aristocratic	Portugal	Pedro Calderón de la Barca	The Doctor of His Own Honor
Aristocratic	Portugal	Sor Juana Inés de la Cruz	Poems
Aristocratic	England;Scotland	# <h3>England and Scotland</h3>
Aristocratic	England;Scotland	Geoffrey Chaucer	The Canterbury Tales
Aristocratic	England;Scotland	Geoffrey Chaucer	Troilus and Criseyde
Aristocratic	England;Scotland	Sir Thomas Malory	Le Morte D'Arthur
Aristocratic	England;Scotland	William Dunbar	Poems
Aristocratic	England;Scotland	John Skelton	Poems
Aristocratic	England;Scotland	Sir Thomas More	Utopia
Aristocratic	England;Scotland	Sir Thomas Wyatt	Poems
Aristocratic	England;Scotland	Henry Howard, Earl of Surrey	Poems
Aristocratic	England;Scotland	Sir Philip Sidney	The Countess of Pembroke's Arcadia
Aristocratic	England;Scotland	Sir Philip Sidney	Astrophel and Stella
Aristocratic	England;Scotland	Sir Philip Sidney	An Apology for Poetry
Aristocratic	England;Scotland	Fulke Greville, Lord Brooke	Poems
Aristocratic	England;Scotland	Edmund Spenser	The Faerie Queene
Aristocratic	England;Scotland	Edmund Spenser	The Minor Poems
Aristocratic	England;Scotland	Sir Walter Ralegh	Poems
Aristocratic	England;Scotland	Christopher Marlowe	Poems
Aristocratic	England;Scotland	Christopher Marlowe	Plays
Aristocratic	England;Scotland	Michael Drayton	Poems
Aristocratic	England;Scotland	Samuel Daniel	Poems
Aristocratic	England;Scotland	Samuel Daniel	A Defence of Ryme
Aristocratic	England;Scotland	Thomas Nashe	The Unfortunate Traveller
Aristocratic	England;Scotland	Thomas Kyd	The Spanish Tragedy
Aristocratic	England;Scotland	William Shakespeare	Plays
Aristocratic	England;Scotland	William Shakespeare	Poems
Aristocratic	England;Scotland	Thomas Campion	Songs
Aristocratic	England;Scotland	John Donne	Poems
Aristocratic	England;Scotland	John Donne	Sermons
Aristocratic	England;Scotland	Ben Jonson	Poems</cite>, <cite>Plays</cite>, and <cite>Masques
Aristocratic	England;Scotland	Francis Bacon	Essays
Aristocratic	England;Scotland	Robert Burton	The Anatomy of Melancholy
Aristocratic	England;Scotland	Sir Thomas Browne	Religio Medici
Aristocratic	England;Scotland	Sir Thomas Browne	Hydriotaphia, or Urne-Buriall
Aristocratic	England;Scotland	Sir Thomas Browne	The Garden of Cyrus
Aristocratic	England;Scotland	Thomas Hobbes	Leviathan
Aristocratic	England;Scotland	Robert Herrick	Poems
Aristocratic	England;Scotland	Thomas Carew	Poems
Aristocratic	England;Scotland	Richard Lovelace	Poems
Aristocratic	England;Scotland	Andrew Marvell	Poems
Aristocratic	England;Scotland	George Herbert	The Temple
Aristocratic	England;Scotland	Thomas Traherne	Centuries
Aristocratic	England;Scotland	Thomas Traherne	Poems
Aristocratic	England;Scotland	Thomas Traherne	Thanksgivings
Aristocratic	England;Scotland	Henry Vaughan	Poetry
Aristocratic	England;Scotland	John Wilmot, Earl of Rochester	Poems
Aristocratic	England;Scotland	Richard Crashaw	Poems
Aristocratic	England;Scotland	Francis Beaumont and John Fletcher	Plays
Aristocratic	England;Scotland	George Chapman	Comedies, Tragedies, Poems
Aristocratic	England;Scotland	John Ford	'Tis Pity She's a Whore
Aristocratic	England;Scotland	John Marston	The Malcontent
Aristocratic	England;Scotland	John Webster	The White Devil
Aristocratic	England;Scotland	John Webster	The Duchess of Malfi
Aristocratic	England;Scotland	Thomas Middleton and William Rowley	The Changeling
Aristocratic	England;Scotland	Cyril Tourneur	The Revenger's Tragedy
Aristocratic	England;Scotland	Philip Massinger	A New Way to Pay Old Debts
Aristocratic	England;Scotland	John Bunyan	The Pilgrim's Progress
Aristocratic	England;Scotland	Izaak Walton	The Compleat Angler
Aristocratic	England;Scotland	John Milton	Paradise Lost
Aristocratic	England;Scotland	John Milton	Paradise Regained
Aristocratic	England;Scotland	John Milton	Lycidas
Aristocratic	England;Scotland	John Milton	Comus
Aristocratic	England;Scotland	John Milton	Minor Poems
Aristocratic	England;Scotland	John Milton	Samson Agonistes
Aristocratic	England;Scotland	John Milton	Areopagitica
Aristocratic	England;Scotland	John Aubrey	Brief Lives
Aristocratic	England;Scotland	Jeremy Taylor	Holy Dying
Aristocratic	England;Scotland	Samuel Butler	Hudibras
Aristocratic	England;Scotland	John Dryden	Poetry and Plays
Aristocratic	England;Scotland	John Dryden	Critical Essays
Aristocratic	England;Scotland	Thomas Otway	Venice Preserv'd
Aristocratic	England;Scotland	William Congreve	The Way of the World
Aristocratic	England;Scotland	William Congreve	Love for Love
Aristocratic	England;Scotland	Jonathan Swift	A Tale of a Tub
Aristocratic	England;Scotland	Jonathan Swift	Gulliver's Travels
Aristocratic	England;Scotland	Jonathan Swift	Shorter Prose Works
Aristocratic	England;Scotland	Jonathan Swift	Poems
#Sir George Etherege
Aristocratic	England;Scotland	George Etherege	The Man of Mode
Aristocratic	England;Scotland	Alexander Pope	Poems
Aristocratic	England;Scotland	John Gay	The Beggar's Opera
Aristocratic	England;Scotland	James Boswell	Life of Johnson
Aristocratic	England;Scotland	James Boswell	Journals
Aristocratic	England;Scotland	Samuel Johnson	Works
Aristocratic	England;Scotland	Edward Gibbon	The History of the Decline and Fall of the Roman Empire
Aristocratic	England;Scotland	Edmund Burke	A Philosophical Enquiry into...the Sublime and Beautiful
Aristocratic	England;Scotland	Edmund Burke	Reflections on the Revolution in France
Aristocratic	England;Scotland	Maurice Morgann	An Essay on the Dramatic Character of Sir John Falstaff
Aristocratic	England;Scotland	William Collins	Poems
Aristocratic	England;Scotland	George Farquhar	The Beaux' Strategem
Aristocratic	England;Scotland	George Farquhar	The Recruiting Officer
Aristocratic	England;Scotland	William Wycherley	The Country Wife
Aristocratic	England;Scotland	William Wycherley	The Plain Dealer
Aristocratic	England;Scotland	Christopher Smart	Jubilate Agno
Aristocratic	England;Scotland	Christopher Smart	A Song to David
Aristocratic	England;Scotland	Oliver Goldsmith	The Vicar of Wakefield
Aristocratic	England;Scotland	Oliver Goldsmith	She Stoops to Conquer
Aristocratic	England;Scotland	Oliver Goldsmith	The Traveller
Aristocratic	England;Scotland	Oliver Goldsmith	The Deserted Village
Aristocratic	England;Scotland	Richard Brinsley Sheridan	The School of Scandal
Aristocratic	England;Scotland	Richard Brinsley Sheridan	The Rivals
Aristocratic	England;Scotland	William Cowper	Poetical Works
Aristocratic	England;Scotland	George Crabbe	Poetical Works
Aristocratic	England;Scotland	Daniel Defoe	Moll Flanders
Aristocratic	England;Scotland	Daniel Defoe	Robinson Crusoe
Aristocratic	England;Scotland	Daniel Defoe	A Journal of the Plague Year
Aristocratic	England;Scotland	Samuel Richardson	Clarissa
Aristocratic	England;Scotland	Samuel Richardson	Pamela
Aristocratic	England;Scotland	Samuel Richardson	Sir Charles Grandison
Aristocratic	England;Scotland	Henry Fielding	Joseph Andrews
Aristocratic	England;Scotland	Henry Fielding	The History of Tom Jones, a Foundling
Aristocratic	England;Scotland	Tobias Smollett	The Expedition of Humphry Clinker
Aristocratic	England;Scotland	Tobias Smollett	The Adventures of Roderick Random
Aristocratic	England;Scotland	Laurence Sterne	The Life and Opinions of Tristram Shandy, Gentleman
Aristocratic	England;Scotland	Laurence Sterne	A Sentimental Journey Through France and Italy
Aristocratic	England;Scotland	Fanny Burney	Evelina
Aristocratic	England;Scotland	Joseph Addison and Richard Steele	The Spectator
Aristocratic	France	# <h3>France</h3>
Aristocratic	France	Jean Froissart	Chronicles
Aristocratic	France	Unknown	The Song of Roland
Aristocratic	France	François Villon	Poems
Aristocratic	France	Michel de Montaigne	Essays
Aristocratic	France	François Rabelais	Gargantua and Pantagruel
Aristocratic	France	Marguerite de Navarre	The Heptameron
Aristocratic	France	Joachim Du Bellay	The Regrets
Aristocratic	France	Maurice Scève	Délie
Aristocratic	France	Pierre Ronsard	Odes, Elegies, Sonnets
Aristocratic	France	Philippe de Commynes	Memoirs
Aristocratic	France	Agrippa d'Aubigné	Les Tragiques
Aristocratic	France	Robert Garnier	Mark Antony
Aristocratic	France	Robert Garnier	The Jewesses
Aristocratic	France	Pierre Corneille	The Cid
Aristocratic	France	Pierre Corneille	Polyeucte
Aristocratic	France	Pierre Corneille	Nicomède
Aristocratic	France	Pierre Corneille	Horace
Aristocratic	France	Pierre Corneille	Cinna
Aristocratic	France	Pierre Corneille	Rodogune
Aristocratic	France	François de La Rochefoucauld	Maxims
Aristocratic	France	Jean de La Fontaine	Fables
Aristocratic	France	Molière	The Misanthrope
Aristocratic	France	Molière	Tartuffe
Aristocratic	France	Molière	The School for Wives
Aristocratic	France	Molière	The Learned Ladies
Aristocratic	France	Molière	Don Juan
Aristocratic	France	Molière	School for Husbands
Aristocratic	France	Molière	Ridiculous Precieuses
Aristocratic	France	Molière	The Would-Be Gentleman
Aristocratic	France	Molière	The Miser
Aristocratic	France	Molière	The Imaginary Invalid
Aristocratic	France	Blaise Pascal	Pensées
Aristocratic	France	Jacques-Bénigne Bosuet	Funerary Orations
Aristocratic	France	Nicolas Boileau-Despréaux	The Art of Poetry
Aristocratic	France	Nicolas Boileau-Despréaux	Lutrin
Aristocratic	France	Jean Racine	Phaedra
Aristocratic	France	Jean Racine	Andromache
Aristocratic	France	Jean Racine	Britannicus
Aristocratic	France	Jean Racine	Athaliah
Aristocratic	France	Pierre Carlet de Marivaux	Seven Comedies
Aristocratic	France	Jean-Jacques Rousseau	The Confessions
Aristocratic	France	Jean-Jacques Rousseau	Émile
Aristocratic	France	Jean-Jacques Rousseau	La Nouvelle Héloïse
Aristocratic	France	Voltaire	Zadig
Aristocratic	France	Voltaire	Candide
Aristocratic	France	Voltaire	Letters on England
Aristocratic	France	Voltaire	The Lisbon Earthquake
Aristocratic	France	Abbé Prévost	Manon Lescaut
Aristocratic	France	Madame de La Fayette	The Princess of Cleves
Aristocratic	France	Sébastien-Roch Nicolas de Chamfort	Products of the Perfected Civilization
Aristocratic	France	Denis Diderot	Rameau's Nephew
Aristocratic	France	Choderlos de Laclos	Dangerous Liaisons
Aristocratic	Germany	# <h3>Germany</h3>
Aristocratic	Germany	Erasmus	In Praise of Folly
Aristocratic	Germany	Johann Wolfgang von Goethe	Faust, Parts One and Two
Aristocratic	Germany	Johann Wolfgang von Goethe	Dichtung und Wahrheit
Aristocratic	Germany	Johann Wolfgang von Goethe	Egmont
Aristocratic	Germany	Johann Wolfgang von Goethe	Elective Affinities
Aristocratic	Germany	Johann Wolfgang von Goethe	The Sorrows of Young Werther
Aristocratic	Germany	Johann Wolfgang von Goethe	Poems
Aristocratic	Germany	Johann Wolfgang von Goethe	Wilhelm Meister's Apprenticeship
Aristocratic	Germany	Johann Wolfgang von Goethe	Wilhelm Meister's Years of Wandering
Aristocratic	Germany	Johann Wolfgang von Goethe	Italian Journey
Aristocratic	Germany	Johann Wolfgang von Goethe	Verse Plays
Aristocratic	Germany	Johann Wolfgang von Goethe	Hermann and Dorothea
Aristocratic	Germany	Johann Wolfgang von Goethe	Roman Elegies
Aristocratic	Germany	Johann Wolfgang von Goethe	Venetian Epigrams
Aristocratic	Germany	Johann Wolfgang von Goethe	West-Eastern Divan
Aristocratic	Germany	Friedrich Schiller	The Robbers
Aristocratic	Germany	Friedrich Schiller	Mary Stuart
Aristocratic	Germany	Friedrich Schiller	Wallenstein
Aristocratic	Germany	Friedrich Schiller	Don Carlos
Aristocratic	Germany	Friedrich Schiller	On the Naïve and Sentimental in Literature
Aristocratic	Germany	Gotthold Lessing	Laocoön
Aristocratic	Germany	Gotthold Lessing	Nathan the Wise
Aristocratic	Germany	Freidrich Hölderlin	Hymns and Fragments
Aristocratic	Germany	Freidrich Hölderlin	Selected Poems
Aristocratic	Germany	Heinrich von Kleist	Five Plays
Aristocratic	Germany	Heinrich von Kleist	Stories
Democratic	Italy	# <h3>Italy</h3>
Democratic	Italy	Ugo Foscolo	On Sepulchres
Democratic	Italy	Ugo Foscolo	Last Letters of Jacopo Ortis
Democratic	Italy	Ugo Foscolo	Odes</cite> and <cite>The Graces
Democratic	Italy	Alessandro Manzoni	The Betrothed
Democratic	Italy	Alessandro Manzoni	On the Historical Novel
Democratic	Italy	Giacomo Leopardi	Essays and Dialogues
Democratic	Italy	Giacomo Leopardi	Poems
Democratic	Italy	Giacomo Leopardi	The Moral Essays
Democratic	Italy	Giuseppe Gioacchino Belli	Roman Sonnets
Democratic	Italy	Giosué Carducci	Hymn to Satan
Democratic	Italy	Giosué Carducci	Barbarian Odes
Democratic	Italy	Giosué Carducci	Rhymes and Rhythms
Democratic	Italy	Giovanni Verga	Little Novels of Sicily
Democratic	Italy	Giovanni Verga	Mastro-Don Gesualdo
Democratic	Italy	Giovanni Verga	The House by the Medlar Tree
Democratic	Italy	Giovanni Verga	The She-Wolf and Other Stories
Democratic	Spain;Portugal	# <h3>Spain and Portugal</h3>
Democratic	Spain;Portugal	Gustavo Adolpho Bécquer	Poems
Democratic	Spain;Portugal	Benito Pérez Galdós	Fortunata and Jacinta
Democratic	Spain;Portugal	Leopoldo Alas (Clarín)	La Regenta
Democratic	Spain;Portugal	José Maria de Eça de Queirós	The Maias
Democratic	France	# <h3>France</h3>
Democratic	France	Benjamin Constant	Adolphe
Democratic	France	Benjamin Constant	The Red Notebook
Democratic	France	François-Auguste-René de Chateaubriand	Attala
Democratic	France	François-Auguste-René de Chateaubriand	René
Democratic	France	François-Auguste-René de Chateaubriand	The Genius of Christianity
Democratic	France	Alphonse de Lamartine	Meditations
Democratic	France	Alfred de Vigny	Chatterton
Democratic	France	Alfred de Vigny	Poems
Democratic	France	Victor Hugo	The Distance, the Shadows: Selected Poems
Democratic	France	Victor Hugo	Les Misérables
Democratic	France	Victor Hugo	Notre-Dame of Paris
Democratic	France	Victor Hugo	William Shakespeare
Democratic	France	Victor Hugo	The Toilers of the Sea
Democratic	France	Victor Hugo	The End of Satan
Democratic	France	Victor Hugo	God
Democratic	France	Alfred de Musset	Poems
Democratic	France	Alfred de Musset	Lorenzaccio
Democratic	France	Gérard de Nerval	The Chimeras
Democratic	France	Gérard de Nerval	Sylvie
Democratic	France	Gérard de Nerval	Aurelia
Democratic	France	Théophile Gautier	Mademoiselle de Maupin
Democratic	France	Théophile Gautier	Enamels and Cameos
Democratic	France	Honoré de Balzac	The Girl with the Golden Eyes
Democratic	France	Honoré de Balzac	Louis Lambert
Democratic	France	Honoré de Balzac	The Wild Ass's Skin
Democratic	France	Honoré de Balzac	Old Goriot
Democratic	France	Honoré de Balzac	Cousin Bette
Democratic	France	Honoré de Balzac	A Harlot High and Low
Democratic	France	Honoré de Balzac	Eugénie Grandet
Democratic	France	Honoré de Balzac	Ursule Mirouet
Democratic	France	Stendhal	On Love
Democratic	France	Stendhal	The Red and the Black
Democratic	France	Stendhal	The Charterhouse of Parma
Democratic	France	Gustave Flaubert	Madame Bovary
Democratic	France	Gustave Flaubert	Sentimental Education
Democratic	France	Gustave Flaubert	Salammbô
Democratic	France	Gustave Flaubert	A Simple Soul
Democratic	France	George Sand	The Haunted Pool
Democratic	France	Charles Baudelaire	Flowers of Evil
Democratic	France	Charles Baudelaire	Paris Spleen
Democratic	France	Stéphane Mallarmé	Selected Poetry and Prose
Democratic	France	Paul Verlaine	Selected Poems
Democratic	France	Arthur Rimbaud	Complete Works
Democratic	France	Tristan Corbière	Les Armours Jaunes
Democratic	France	Jules Laforgue	Selected Writings
Democratic	France	Guy de Maupassant	Selected Short Stories
Democratic	France	Émile Zola	Germinal
Democratic	France	Émile Zola	L'Assommoir
Democratic	France	Émile Zola	Nana
Democratic	Scandinavia	# <h3>Scandinavia</h3>
Democratic	Scandinavia	Henrik Ibsen	Brand
Democratic	Scandinavia	Henrik Ibsen	Peer Gynt
Democratic	Scandinavia	Henrik Ibsen	Emperor and Galilean
Democratic	Scandinavia	Henrik Ibsen	Hedda Gabler
Democratic	Scandinavia	Henrik Ibsen	The Master Builder
Democratic	Scandinavia	Henrik Ibsen	The Lady from the Sea
Democratic	Scandinavia	Henrik Ibsen	When We Dead Awaken
Democratic	Scandinavia	August Strindberg	To Damascus
Democratic	Scandinavia	August Strindberg	Miss Julie
Democratic	Scandinavia	August Strindberg	The Father
Democratic	Scandinavia	August Strindberg	The Dance of Death
Democratic	Scandinavia	August Strindberg	The Ghost Sonata
Democratic	Scandinavia	August Strindberg	A Dream Play
Democratic	Great Britain	# <h3>Great Britain</h3>
Democratic	Great Britain	Robert Burns	Poems
Democratic	Great Britain	William Blake	Complete Poetry and Prose
Democratic	Great Britain	William Wordsworth	Poems
Democratic	Great Britain	William Wordsworth	The Prelude
Democratic	Great Britain	Sir Walter Scott	Waverley
Democratic	Great Britain	Sir Walter Scott	The Heart of Midlothian
Democratic	Great Britain	Sir Walter Scott	Redgauntlet
Democratic	Great Britain	Sir Walter Scott	Old Mortality
Democratic	Great Britain	Jane Austen	Pride and Prejudice
Democratic	Great Britain	Jane Austen	Emma
Democratic	Great Britain	Jane Austen	Mansfield Park
Democratic	Great Britain	Jane Austen	Persuasion
Democratic	Great Britain	Samuel Taylor Coleridge	Poems and Prose
Democratic	Great Britain	Dorothy Wordsworth	The Grasmere Journal
Democratic	Great Britain	William Hazlitt	Essays and Criticism
Democratic	Great Britain	Lord Byron	Don Juan
Democratic	Great Britain	Lord Byron	Poems
Democratic	Great Britain	William Savage Landor	Poems
Democratic	Great Britain	William Savage Landor	Imaginary Conversations
Democratic	Great Britain	Thomas De Quincey	Confessions of an English Opium Eater
Democratic	Great Britain	Thomas De Quincey	Selected Prose
Democratic	Great Britain	Charles Lamb	Essays
Democratic	Great Britain	Maria Edgeworth	Castle Rackrent
Democratic	Great Britain	John Galt	The Entail
Democratic	Great Britain	Elizabeth Gaskell	Cranford
Democratic	Great Britain	Elizabeth Gaskell	Mary Barton
Democratic	Great Britain	Elizabeth Gaskell	North and South
Democratic	Great Britain	James Hogg	The Private Memoirs and Confessions of a Justified Sinner
Democratic	Great Britain	Charles Maturin	Melmoth the Wanderer
Democratic	Great Britain	Percy Bysshe Shelley	Poems
Democratic	Great Britain	Percy Bysshe Shelley	A Defence of Poetry
Democratic	Great Britain	Mary Wollstonecraft Shelley	Frankenstein
Democratic	Great Britain	John Clare	Poems
Democratic	Great Britain	John Keats	Poems and Letters
Democratic	Great Britain	Thomas Lovell Beddoes	Death's Jest-Book
Democratic	Great Britain	Thomas Lovell Beddoes	Poems
Democratic	Great Britain	George Darley	Nepenthe
Democratic	Great Britain	George Darley	Poems
Democratic	Great Britain	Thomas Hood	Poems
Democratic	Great Britain	Thomas Wade	Poems
Democratic	Great Britain	Robert Browning	Poems
Democratic	Great Britain	Robert Browning	The Ring and the Book
Democratic	Great Britain	Charles Dickens	The Posthumous Papers of the Pickwick Club
Democratic	Great Britain	Charles Dickens	David Copperfield
Democratic	Great Britain	Charles Dickens	The Adventures of Oliver Twist
Democratic	Great Britain	Charles Dickens	A Tale of Two Cities
Democratic	Great Britain	Charles Dickens	Bleak House
Democratic	Great Britain	Charles Dickens	Hard Times
Democratic	Great Britain	Charles Dickens	Nicholas Nickleby
Democratic	Great Britain	Charles Dickens	Dombey and Son
Democratic	Great Britain	Charles Dickens	Great Expectations
Democratic	Great Britain	Charles Dickens	Martin Chuzzlewit
Democratic	Great Britain	Charles Dickens	Christmas Stories
Democratic	Great Britain	Charles Dickens	Little Dorrit
Democratic	Great Britain	Charles Dickens	Our Mutual Friend
Democratic	Great Britain	Charles Dickens	The Mystery of Edwin Drood
Democratic	Great Britain	Thomas Love Peacock	Nightmare Abbey
Democratic	Great Britain	Thomas Love Peacock	Gryll Grange
Democratic	Great Britain	Thomas Carlyle	Sartor Resartus
Democratic	Great Britain	John Ruskin	Modern Painters
Democratic	Great Britain	John Ruskin	The Stones of Venice
Democratic	Great Britain	John Ruskin	Unto This Last
Democratic	Great Britain	John Ruskin	The Queen of the Air
Democratic	Great Britain	Walter Pater	Studies in the History of the Renaissance
Democratic	Great Britain	Walter Pater	Appreciations
Democratic	Great Britain	Walter Pater	Imaginary Portraits
Democratic	Great Britain	Walter Pater	Marius the Epicurean
Democratic	Great Britain	Edward FitzGerald	The Rubaiyat of Omar Khayyam
Democratic	Great Britain	John Stuart Mill	On Liberty
Democratic	Great Britain	John Stuart Mill	Autobiography
Democratic	Great Britain	John Henry Newman	Apologia pro Vita Sua
Democratic	Great Britain	John Henry Newman	A Grammar of Assent
Democratic	Great Britain	John Henry Newman	The Idea of a University
Democratic	Great Britain	Anthony Trollope	The Barsetshire Novels
Democratic	Great Britain	Anthony Trollope	The Palliser Novels
Democratic	Great Britain	Anthony Trollope	Orley Farm
Democratic	Great Britain	Anthony Trollope	The Way We Live Now
Democratic	Great Britain	Lewis Carroll	Complete Works
Democratic	Great Britain	Edward Lear	Complete Nonsense
Democratic	Great Britain	George Gissing	New Grub Street
Democratic	Great Britain	Charlotte Brontë	Jane Eyre
Democratic	Great Britain	Charlotte Brontë	Villette
Democratic	Great Britain	Emily Brontë	Wuthering Heights
Democratic	Great Britain	William Makepeace Thackeray	Vanity Fair
Democratic	Great Britain	William Makepeace Thackeray	The History of Henry Esmond
Democratic	Great Britain	George Meredith	The Egoist
Democratic	Great Britain	Gilbert Keith Chesterton	Collected Poems
Democratic	Great Britain	Gilbert Keith Chesterton	The Man Who Was Thursday
Democratic	Great Britain	Samuel Butler	Erewhon
Democratic	Great Britain	Samuel Butler	The Way of All Flesh
Democratic	Great Britain	W. S. Gilbert	Complete Plays of Gilbert and Sullivan
Democratic	Great Britain	W. S. Gilbert	Bab Ballads
Democratic	Great Britain	Wilkie Collins	The Moonstone
Democratic	Great Britain	Wilkie Collins	The Woman in White
Democratic	Great Britain	Wilkie Collins	No Name
Democratic	Great Britain	Coventry Patmore	Odes
Democratic	Great Britain	James Thomson (Bysshe Vanolis)	The City of the Dreadful Night
Democratic	Great Britain	Oscar Wilde	The Picture of Dorian Gray
Democratic	Great Britain	Oscar Wilde	The Artist as Critic
Democratic	Great Britain	John Davidson	Ballads and Songs
Democratic	Great Britain	Ernest Dowson	Complete Poems
Democratic	Great Britain	George Eliot	Adam Bede
Democratic	Great Britain	George Eliot	Silas Marner
Democratic	Great Britain	George Eliot	The Mill on the Floss
Democratic	Great Britain	George Eliot	Middlemarch
Democratic	Great Britain	George Eliot	Daniel Deronda
Democratic	Great Britain	Robert Louis Stevenson	Kidnapped
Democratic	Great Britain	Robert Louis Stevenson	Dr. Jekyll and Mr. Hyde
Democratic	Great Britain	Robert Louis Stevenson	Treasure Island
Democratic	Great Britain	Robert Louis Stevenson	The New Arabian Nights
Democratic	Great Britain	Robert Louis Stevenson	The Master of Ballantrae
Democratic	Great Britain	Robert Louis Stevenson	Weir of Hermiston
Democratic	Great Britain	William Morris	The Earthly Paradise
Democratic	Great Britain	William Morris	The Well at the World's End
Democratic	Great Britain	William Morris	News from Nowhere
Democratic	Great Britain	Bram Stoker	Dracula
Democratic	Great Britain	George Macdonald	Lilith
Democratic	Great Britain	George Macdonald	At the Back of the North Wind
Democratic	Germany	# <h3>Germany</h3>
Democratic	Germany	Novalis (Friedrich von Hardenburg)	Hymns to the Night
Democratic	Germany	Novalis (Friedrich von Hardenburg)	Aphorisms
Democratic	Germany	Jacob and Wilhelm Grimm	Fairy Tales
Democratic	Germany	Eduard Mörike	Selected Poems
Democratic	Germany	Eduard Mörike	Mozart on His Way to Prague
Democratic	Germany	Theodor Storm	Immensee
Democratic	Germany	Gottfried Keller	Green Henry
Democratic	Germany	Gottfried Keller	Tales
Democratic	Germany	E. T. A. Hoffmann	The Devil's Elixir
Democratic	Germany	E. T. A. Hoffmann	Tales
Democratic	Germany	Jeremias Gotthelf	The Black Spider
Democratic	Germany	Adalbert Stifter	Indian Summer
Democratic	Germany	Adalbert Stifter	Tales
Democratic	Germany	Friedrich Schlegel	Criticism</cite> and <cite>Aphorisms
Democratic	Germany	Georg Büchner	Danton's Death
Democratic	Germany	Georg Büchner	Woyzeck
Democratic	Germany	Heinrich Heine	Complete Poems
Democratic	Germany	Richard Wagner	The Ring of the Nibelung
Democratic	Germany	Friedrich Nietzsche	The Birth of Tragedy
Democratic	Germany	Friedrich Nietzsche	Beyond Good and Evil
Democratic	Germany	Friedrich Nietzsche	On the Genealogy of Morals
Democratic	Germany	Friedrich Nietzsche	The Will to Power
Democratic	Germany	Theodor Fontane	Effi Briest
Democratic	Germany	Stefan George	Selected Poems
Democratic	Russia	# <h3>Russia</h3>
Democratic	Russia	Aleksandr Pushkin	Complete Prose Tales
Democratic	Russia	Aleksandr Pushkin	Complete Poetry
Democratic	Russia	Aleksandr Pushkin	Eugene Onegin
Democratic	Russia	Aleksandr Pushkin	Narrative Poems
Democratic	Russia	Aleksandr Pushkin	Boris Godunov
Democratic	Russia	Nikolay Gogol	The Complete Tales
Democratic	Russia	Nikolay Gogol	Dead Souls
Democratic	Russia	Nikolay Gogol	The Government Inspector
Democratic	Russia	Mikhail Lermontov	Narrative Poems
Democratic	Russia	Mikhail Lermontov	A Hero of Our Time
Democratic	Russia	Segey Aksakov	A Family Chronicle
Democratic	Russia	Aleksandr Herzen	My Past and Thoughts
Democratic	Russia	Aleksandr Herzen	From the Other Shore
Democratic	Russia	Ivan Goncharov	The Frigate Pallada
Democratic	Russia	Ivan Goncharov	Oblomov
Democratic	Russia	Ivan Turgenev	A Sportsman's Notebook
Democratic	Russia	Ivan Turgenev	A Month in the Country
Democratic	Russia	Ivan Turgenev	Fathers and Sons
Democratic	Russia	Ivan Turgenev	On the Eve
Democratic	Russia	Ivan Turgenev	First Love
Democratic	Russia	Fyodor Dostoevsky	Notes from the Underground
Democratic	Russia	Fyodor Dostoevsky	Crime and Punishment
Democratic	Russia	Fyodor Dostoevsky	The Idiot
Democratic	Russia	Fyodor Dostoevsky	The Possessed</cite> (<cite>The Devils<
Democratic	Russia	Fyodor Dostoevsky	The Brothers Karamazov
Democratic	Russia	Fyodor Dostoevsky	Short Novels
Democratic	Russia	Leo Tolstoy	The Cossacks
Democratic	Russia	Leo Tolstoy	War and Peace
Democratic	Russia	Leo Tolstoy	Anna Karenina
Democratic	Russia	Leo Tolstoy	A Confession
Democratic	Russia	Leo Tolstoy	The Power of Darkness
Democratic	Russia	Leo Tolstoy	Short Novels
Democratic	Russia	Nikolay Leskov	Tales
Democratic	Russia	Aleksandr Ostrovsky	The Storm
Democratic	Russia	Nikolay Chernyshevsky	What is to Be Done?
Democratic	Russia	Aleksandr Blok	The Twelve and Other Poems
Democratic	Russia	Anton Chekhov	The Tales
Democratic	Russia	Anton Chekhov	The Major Plays
Democratic	United States	# <h3>The United States</h3>
Democratic	United States	Washington Irving	The Sketch Book
Democratic	United States	William Cullen Bryant	Collected Poems
Democratic	United States	James Fenimore Cooper	The Deerslayers
Democratic	United States	John Greenleaf Whittier	Collected Poems
Democratic	United States	Ralph Waldo Emerson	Nature
Democratic	United States	Ralph Waldo Emerson	Essays</cite>, first and second
Democratic	United States	Ralph Waldo Emerson	Representative Men
Democratic	United States	Ralph Waldo Emerson	The Conduct of Life
Democratic	United States	Ralph Waldo Emerson	Journals
Democratic	United States	Ralph Waldo Emerson	Poems
Democratic	United States	Emily Dickinson	Complete Poems
Democratic	United States	Walt Whitman	Leaves of Grass</cite>, first 
Democratic	United States	Walt Whitman	Leaves of Grass</cite>, third 
Democratic	United States	Walt Whitman	The Complete Poems
Democratic	United States	Walt Whitman	Specimen Days
Democratic	United States	Nathaniel Hawthorne	The Scarlet Letter
Democratic	United States	Nathaniel Hawthorne	Tales and Sketches
Democratic	United States	Nathaniel Hawthorne	The Marble Faun
Democratic	United States	Nathaniel Hawthorne	Notebooks
Democratic	United States	Herman Melville	Moby-Dick
Democratic	United States	Herman Melville	The Piazza Tales
Democratic	United States	Herman Melville	Billy Budd
Democratic	United States	Herman Melville	Collected Poems
Democratic	United States	Herman Melville	Clarel
Democratic	United States	Edgar Allan Poe	Poetry and Tales
Democratic	United States	Edgar Allan Poe	Essays and Reviews
Democratic	United States	Edgar Allan Poe	The Narrative of Arthur Gordon Pym
Democratic	United States	Edgar Allan Poe	Eureka
Democratic	United States	Jones Very	Essays and Poems
Democratic	United States	Frederick Goddard Tuckerman	The Cricket and Other Poems
Democratic	United States	Henry David Thoreau	Walden
Democratic	United States	Henry David Thoreau	Poems
Democratic	United States	Henry David Thoreau	Essays
Democratic	United States	Richard Henry Dana, Jr.	Two Years Before the Mast
Democratic	United States	Frederick Douglass	Narrative of the Life of Frederick Douglass, an American Slave
Democratic	United States	Henry Wadsworth Longfellow	Selected Poems
Democratic	United States	Sidney Lanier	Poems
Democratic	United States	Francis Parkman	France and England in North America
Democratic	United States	Francis Parkman	The California and Oregon Trail
Democratic	United States	Henry Adams	The Education of Henry Adams
Democratic	United States	Henry Adams	Mont Saint-Michel and Chartres
Democratic	United States	Ambrose Bierce	Collected Writings
Democratic	United States	Louisa May Alcott	Little Women
Democratic	United States	Charles W. Chesnutt	The Short Fiction
Democratic	United States	Kate Chopin	The Awakening
Democratic	United States	William Dean Howells	The Rise of Silas Lapham
Democratic	United States	William Dean Howells	A Modern Instance
Democratic	United States	Stephen Crane	The Red Badge of Courage
Democratic	United States	Stephen Crane	Stories</cite> and <cite>Poems
Democratic	United States	Henry James	The Portrait of a Lady
Democratic	United States	Henry James	The Bostonians
Democratic	United States	Henry James	The Princess Casamassima
Democratic	United States	Henry James	The Awkward Age
Democratic	United States	Henry James	Short Novels and Tales
Democratic	United States	Henry James	The Ambassadors
Democratic	United States	Henry James	The Wings of the Dove
Democratic	United States	Henry James	The Golden Bowl
Democratic	United States	Harold Frederic	The Damnation of Theron Ware
Democratic	United States	Mark Twain	Complete Short Stories
Democratic	United States	Mark Twain	The Adventures of Huckleberry Finn
Democratic	United States	Mark Twain	The Devil's Racetrack
Democratic	United States	Mark Twain	Number Forty-Four: The Mysterious Stranger
Democratic	United States	Mark Twain	Pudd'nhead Wilson
Democratic	United States	Mark Twain	A Connecticut Yankee in King Arthur's Court
Democratic	United States	William James	The Varieties of Religious Experience
Democratic	United States	William James	Pragmatism
Democratic	United States	Frank Norris	The Octopus
Democratic	United States	Sarah Orne Jewett	The Country of the Pointed Firs and Other Stories
Democratic	United States	Trumbull Stickney	Poems
Chaotic	Italy	# <h3>Italy</h3>
Chaotic	Italy	Luigi Pirandello	Naked Masks: Five Plays
Chaotic	Italy	Gabriele D'Annunzio	Maia: In Praise of Life
Chaotic	Italy	Dino Campana	Orphic Songs
Chaotic	Italy	Umberto Saba	Stories and Recollections
Chaotic	Italy	Umberto Saba	Poems
Chaotic	Italy	Giuseppe Tomasi di Lampedusa	The Leopard
Chaotic	Italy	Giuseppe Ungaretti	Selected Poems
Chaotic	Italy	Giuseppe Ungaretti	The Buried Harbour: Selected Poems
Chaotic	Italy	Eugenio Montale	The Storm and Other Things: Poems
Chaotic	Italy	Eugenio Montale	The Occasions: Poems
Chaotic	Italy	Eugenio Montale	Cuttlefish Bones: Poems
Chaotic	Italy	Eugenio Montale	Otherwise: Last and First Poems
Chaotic	Italy	Eugenio Montale	The Second Life of Art: Selected Essays
Chaotic	Italy	Salvatore Quasimodo	Selected Writings: Poems and Discourse on Poetry
Chaotic	Italy	Tommaso Landolfi	Gogol's Wife and Other Stories
Chaotic	Italy	Leonardo Sciascia	Day of the Owl
Chaotic	Italy	Leonardo Sciascia	Equal Danger
Chaotic	Italy	Leonardo Sciascia	The Wine-Dark Sea: Thirteen Stories
Chaotic	Italy	Pier Paolo Pasolini	Poems
Chaotic	Italy	Cesare Pavese	Hard Labor: Poems
Chaotic	Italy	Cesare Pavese	Dialogues with Leucò
Chaotic	Italy	Primo Levi	If Not Now, When?
Chaotic	Italy	Primo Levi	Collected Poems
Chaotic	Italy	Primo Levi	The Periodic Table
Chaotic	Italy	Italo Svevo	The Confession of Zeno
Chaotic	Italy	Italo Svevo	As a Man Grows Older
Chaotic	Italy	Giorgio Bassani	The Heron
Chaotic	Italy	Natalia Ginzburg	Family
Chaotic	Italy	Elio Vittorini	Women of Messina
Chaotic	Italy	Alberto Moravia	1934
Chaotic	Italy	Andrea Zanzotto	Selected Poetry
Chaotic	Italy	Italo Calvino	Invisible Cities
Chaotic	Italy	Italo Calvino	The Baron in the Trees
Chaotic	Italy	Italo Calvino	If on a Winter's Night a Traveler
Chaotic	Italy	Italo Calvino	t zero
Chaotic	Italy	Antonio Porta	Kisses from Another Dream: Poems
Chaotic	Spain	# <h3>Spain</h3>
Chaotic	Spain	Miguel de Unamuno	Three Exemplary Novels
Chaotic	Spain	Miguel de Unamuno	Our Lord Don Quixote
Chaotic	Spain	Antonio Machado	Selected Poems
Chaotic	Spain	Juan Ramón Jiménez	Invisible Reality: Poems
Chaotic	Spain	Pedro Salinas	My Voice Because of You: Poems
Chaotic	Spain	Jorge Guillén	Guillén on Guillén: The Poetry and the Poet
Chaotic	Spain	Vicente Aleixandre	A Longing for the Light: Selected Poems
Chaotic	Spain	Federico Garcia Lorca	Selected Poems
Chaotic	Spain	Federico Garcia Lorca	Three Tragedies: Blood Wedding, Yerma, The House of Bernardo Alba
Chaotic	Spain	Rafael Alberti	The Owl's Insomnia: Poems
Chaotic	Spain	Luis Cernuda	Selected Poems
Chaotic	Spain	Miguel Hernández	Selected Poems
Chaotic	Spain	Blas de Otero	Selected Poems
Chaotic	Spain	Camilo José Cela	The Hive
Chaotic	Spain	Juan Goytisolo	Space in Motion
Chaotic	Catalonia	# <h3>Catalonia</h3>
Chaotic	Catalonia	Carles Ribá	Selected Poems
Chaotic	Catalonia	J. V. Foix	Selected Poems
Chaotic	Catalonia	Joan Perucho	Natural History
Chaotic	Catalonia	Merce Rodoreda	The Time of the Doves
Chaotic	Catalonia	Pere Gimferrer	Selected Poems
Chaotic	Catalonia	Salvador Espríu	La Pell de Brau: Poems
Chaotic	Portugal	# <h3>Portugal</h3>
Chaotic	Portugal	Fernando Pessoa	The Keeper of Sheep
Chaotic	Portugal	Fernando Pessoa	Poems
Chaotic	Portugal	Fernando Pessoa	Selected Poems
Chaotic	Portugal	Fernando Pessoa	Always Astonished: Selected Poems
Chaotic	Portugal	Fernando Pessoa	The Book of Disquiet
Chaotic	Portugal	Jorge de Sena	Selected Poems
Chaotic	Portugal	José Saramago	Baltasar and Blimunda
Chaotic	Portugal	José Cardoso Pires	Ballad of Dogs' Beach
Chaotic	Portugal	Sophia de Mello Breyner	Selected Poems
Chaotic	Portugal	Eugénio de Andrade	Selected Poems
Chaotic	France	# <h3>France</h3>
Chaotic	France	Anatole France	Penguin Island
Chaotic	France	Anatole France	Thaïs
Chaotic	France	Alain-Fournier	Le Grand Meaulnes
Chaotic	France	Marcel Proust	Remembrance of Things Past</cite> (<cite>In Search of Lost Time<
Chaotic	France	Andre Gide	The Immoralist
Chaotic	France	Andre Gide	Corydon
Chaotic	France	Andre Gide	Lafcadio's Adventure (The Caves of the Vatican)
Chaotic	France	Andre Gide	The Journals
Chaotic	France	Colette	Collected Stories
Chaotic	France	Colette	Retreat from Love
Chaotic	France	Georges Bataille	Blue of Noon
Chaotic	France	Louis-Ferdinand Céline	Journey to the End of Night
Chaotic	France	René Daumal	Mount Analogue
Chaotic	France	Jean Genet	Our Lady of the Flowers
Chaotic	France	Jean Genet	The Thief's Journal
Chaotic	France	Jean Genet	The Balcony
Chaotic	France	Jean Giraudoux	Four Plays
Chaotic	France	Alfred Jarry	Selected Works
Chaotic	France	Jean Cocteau	The Infernal Machine and Other Works
Chaotic	France	Guillaume Apollinaire	Selected Writings
Chaotic	France	André Breton	Poems
Chaotic	France	André Breton	Manifestoes of Surrealism
Chaotic	France	Paul Valéry	The Art of Poetry
Chaotic	France	Paul Valéry	Selected Writings
Chaotic	France	René Char	Poems
Chaotic	France	Paul Éluard	Selected Poems
Chaotic	France	Louis Aragon	Selected Poems
Chaotic	France	Jean Giono	The Horseman on the Roof
Chaotic	France	Michel Leiris	Manhood
Chaotic	France	Raymond Radiguet	Count d'Orgel's Ball
Chaotic	France	Jean-Paul Sartre	No Exit
Chaotic	France	Jean-Paul Sartre	Nausea
Chaotic	France	Jean-Paul Sartre	Saint Genet
Chaotic	France	Jean-Paul Sartre	The Words
Chaotic	France	Jean-Paul Sartre	The Family Idiot: Gustave Flaubert
Chaotic	France	Simone de Beauvoir	The Second Sex
Chaotic	France	Albert Camus	The Stranger
Chaotic	France	Albert Camus	The Plague
Chaotic	France	Albert Camus	The Fall
Chaotic	France	Albert Camus	The Rebel
Chaotic	France	Henri Michaux	Selected Writings
Chaotic	France	Edmond Jabès	The Book of Questions
Chaotic	France	Edmond Jabès	Selected Poems
Chaotic	France	Saint-John Perse	Anabasis
Chaotic	France	Saint-John Perse	Birds
Chaotic	France	Saint-John Perse	Exile and Other Poems
Chaotic	France	Pierre Reverdy	Selected Poems
Chaotic	France	Tristan Tzara	Seven Dada Manifestoes
Chaotic	France	Max Jacob	Selected Poems
Chaotic	France	Pierre-Jean Jouve	Selected Poems
Chaotic	France	Francis Ponge	Things: Selected Writings
Chaotic	France	Jacques Prévert	Paroles
Chaotic	France	Philippe Jacottet	Selected Poems
Chaotic	France	Charles Péguy	The Mystery of the Charity of Joan of Arc
Chaotic	France	Bejamin Péret	Selected Poems
Chaotic	France	Andé Malraux	The Conquerors
Chaotic	France	Andé Malraux	The Royal Way
Chaotic	France	Andé Malraux	Man's Fate
Chaotic	France	Andé Malraux	Man's Hope
Chaotic	France	Andé Malraux	The Voices of Silence
Chaotic	France	François Mauriac	Therese
Chaotic	France	François Mauriac	The Desert of Love
Chaotic	France	François Mauriac	The Woman of the Pharisees
Chaotic	France	Jean Anouilh	Becket
Chaotic	France	Jean Anouilh	Antigone
Chaotic	France	Jean Anouilh	Eurydice
Chaotic	France	Jean Anouilh	The Rehearsal
Chaotic	France	Eugène Ionesco	The Bald Soprano
Chaotic	France	Eugène Ionesco	The Chairs
Chaotic	France	Eugène Ionesco	The Lesson
Chaotic	France	Eugène Ionesco	Amédée
Chaotic	France	Eugène Ionesco	Victims of Duty
Chaotic	France	Eugène Ionesco	Rhinoceros
Chaotic	France	Maurice Blanchot	Thomas the Obscure
Chaotic	France	Pierre Klossowski	The Laws of Hospitality
Chaotic	France	Pierre Klossowski	The Baphomet
Chaotic	France	Raymond Roussel	Locus Solus
Chaotic	France	Antonin Artaud	Selected Writings
Chaotic	France	Claude Lévi-Strauss	Tristes Tropiques
Chaotic	France	Alain Robbe-Grillet	The Voyeur
Chaotic	France	Alain Robbe-Grillet	Jealousy
Chaotic	France	Alain Robbe-Grillet	In the Labyrinth
Chaotic	France	Alain Robbe-Grillet	The Erasers
Chaotic	France	Alain Robbe-Grillet	Project for a Revolution in New York
Chaotic	France	Alain Robbe-Grillet	For a New Novel
Chaotic	France	Nathalie Sarraute	The Use of Speech
Chaotic	France	Nathalie Sarraute	The Planetarium
Chaotic	France	Claude Simon	The Grass
Chaotic	France	Claude Simon	The Wind
Chaotic	France	Claude Simon	The Flanders Road
Chaotic	France	Marguerite Duras	The Lover
Chaotic	France	Marguerite Duras	Four Novels
Chaotic	France	Robert Pinget	Fable
Chaotic	France	Robert Pinget	The Libera Me Domine
Chaotic	France	Robert Pinget	That Voice
Chaotic	France	Michel Tournier	The Ogre
Chaotic	France	Michel Tournier	Friday
Chaotic	France	Marguerite Yourcenar	Coup de Grace
Chaotic	France	Marguerite Yourcenar	Memoirs of Hadrian
Chaotic	France	Jean Follain	Transparence of the World: Poems
Chaotic	France	Yves Bonnefoy	Words in Stone
Chaotic	Great Britain;Ireland	# <h3>Great Britain and Ireland</h3>
Chaotic	Great Britain;Ireland	William Butler Yeats	The Collected Poems
Chaotic	Great Britain;Ireland	William Butler Yeats	Collected Plays
Chaotic	Great Britain;Ireland	William Butler Yeats	A Vision
Chaotic	Great Britain;Ireland	William Butler Yeats	Mythologies
Chaotic	Great Britain;Ireland	George Bernard Shaw	Major Critical Essays
Chaotic	Great Britain;Ireland	George Bernard Shaw	Heartbreak House
Chaotic	Great Britain;Ireland	George Bernard Shaw	Pygmalion
Chaotic	Great Britain;Ireland	George Bernard Shaw	Saint Joan
Chaotic	Great Britain;Ireland	George Bernard Shaw	Major Barbara
Chaotic	Great Britain;Ireland	George Bernard Shaw	Back to Methuselah
Chaotic	Great Britain;Ireland	John Millington Synge	Collected Plays
Chaotic	Great Britain;Ireland	Sean O'Casey	Juno and the Paycock
Chaotic	Great Britain;Ireland	Sean O'Casey	The Plough and the Stars
Chaotic	Great Britain;Ireland	Sean O'Casey	The Shadow of a Gunman
Chaotic	Great Britain;Ireland	George Douglas Brown	House with the Green Shutters
Chaotic	Great Britain;Ireland	Thomas Hardy	The Well-Beloved
Chaotic	Great Britain;Ireland	Thomas Hardy	The Woodlanders
Chaotic	Great Britain;Ireland	Thomas Hardy	The Return of the Native
Chaotic	Great Britain;Ireland	Thomas Hardy	The Mayor of Casterbridge
Chaotic	Great Britain;Ireland	Thomas Hardy	Far From the Madding Crowd
Chaotic	Great Britain;Ireland	Thomas Hardy	Tess of the D'Urbervilles
Chaotic	Great Britain;Ireland	Thomas Hardy	Jude the Obscure
Chaotic	Great Britain;Ireland	Thomas Hardy	Collected Poems
Chaotic	Great Britain;Ireland	Rudyard Kipling	Kim
Chaotic	Great Britain;Ireland	Rudyard Kipling	Collected Stories
Chaotic	Great Britain;Ireland	Rudyard Kipling	Puck of Pook's Hill
Chaotic	Great Britain;Ireland	Rudyard Kipling	Complete Verse
Chaotic	Great Britain;Ireland	A. E. Housman	Collected Poems
Chaotic	Great Britain;Ireland	Max Beerbohm	Zuleika Dobson
Chaotic	Great Britain;Ireland	Max Beerbohm	Seven Men and Two Others
Chaotic	Great Britain;Ireland	Joseph Conrad	Lord Jim
Chaotic	Great Britain;Ireland	Joseph Conrad	The Secret Agent
Chaotic	Great Britain;Ireland	Joseph Conrad	Nostromo
Chaotic	Great Britain;Ireland	Joseph Conrad	Under Western Eyes
Chaotic	Great Britain;Ireland	Joseph Conrad	Victory
Chaotic	Great Britain;Ireland	Ronald Firbank	Five Novels
Chaotic	Great Britain;Ireland	Ford Madox Ford	Parade's End
Chaotic	Great Britain;Ireland	Ford Madox Ford	The Good Soldier
Chaotic	Great Britain;Ireland	W. Somerset Maugham	Collected Short Stories
Chaotic	Great Britain;Ireland	W. Somerset Maugham	The Moon and Sixpence
Chaotic	Great Britain;Ireland	John Cowper Powys	Wolf Solent
Chaotic	Great Britain;Ireland	John Cowper Powys	A Glastonbury Romance
Chaotic	Great Britain;Ireland	Saki (H. H. Munro)	The Short Stories
Chaotic	Great Britain;Ireland	H. G. Wells	The Science Fiction Novels
Chaotic	Great Britain;Ireland	David Lindsay	A Voyage to Arcturus
Chaotic	Great Britain;Ireland	Arnold Bennett	The Old Wives' Tale
Chaotic	Great Britain;Ireland	Walter De la Mare	Collected Poems
Chaotic	Great Britain;Ireland	Walter De la Mare	Memoirs of a Midget
Chaotic	Great Britain;Ireland	Wilfred Owen	Collected Poems
Chaotic	Great Britain;Ireland	Isaac Rosenberg	Collected Poems
Chaotic	Great Britain;Ireland	Edward Thomas	Collected Poems
Chaotic	Great Britain;Ireland	Robert Graves	Collected Poems
Chaotic	Great Britain;Ireland	Robert Graves	King Jesus
Chaotic	Great Britain;Ireland	Edwin Muir	Collected Poems
Chaotic	Great Britain;Ireland	David Jones	In Parenthesis
Chaotic	Great Britain;Ireland	David Jones	The Anathemata
Chaotic	Great Britain;Ireland	John Galsworthy	The Forsyte Saga
Chaotic	Great Britain;Ireland	E. M. Forster	Howards End
Chaotic	Great Britain;Ireland	E. M. Forster	A Passage to India
Chaotic	Great Britain;Ireland	Frank O'Connor	Collected Stories
Chaotic	Great Britain;Ireland	D. H. Lawrence	Complete Poems
Chaotic	Great Britain;Ireland	D. H. Lawrence	Studies in Classic American Literature
Chaotic	Great Britain;Ireland	D. H. Lawrence	Complete Short Stories
Chaotic	Great Britain;Ireland	D. H. Lawrence	Sons and Lovers
Chaotic	Great Britain;Ireland	D. H. Lawrence	The Rainbow
Chaotic	Great Britain;Ireland	D. H. Lawrence	Women in Love
Chaotic	Great Britain;Ireland	Virginia Woolf	Mrs. Dalloway
Chaotic	Great Britain;Ireland	Virginia Woolf	To the Lighthouse
Chaotic	Great Britain;Ireland	Virginia Woolf	Orlando: A Biography
Chaotic	Great Britain;Ireland	Virginia Woolf	The Waves
Chaotic	Great Britain;Ireland	Virginia Woolf	Between the Acts
Chaotic	Great Britain;Ireland	James Joyce	Dubliners
Chaotic	Great Britain;Ireland	James Joyce	Portrait of the Artist as a Young Man
Chaotic	Great Britain;Ireland	James Joyce	Ulysses
Chaotic	Great Britain;Ireland	James Joyce	Finnegans Wake
Chaotic	Great Britain;Ireland	Samuel Beckett	Murphy
Chaotic	Great Britain;Ireland	Samuel Beckett	Watt
Chaotic	Great Britain;Ireland	Samuel Beckett	Three Novels: Molloy, Malone Dies, The Unnameable
Chaotic	Great Britain;Ireland	Samuel Beckett	Waiting for Godot
Chaotic	Great Britain;Ireland	Samuel Beckett	Endgame
Chaotic	Great Britain;Ireland	Samuel Beckett	Krapp's Last Game
Chaotic	Great Britain;Ireland	Samuel Beckett	How It Is
Chaotic	Great Britain;Ireland	Elizabeth Bowen	Collected Stories
Chaotic	Great Britain;Ireland	J. G. Farrell	The Siege of Krishnapur
Chaotic	Great Britain;Ireland	Henry Green	Nothing
Chaotic	Great Britain;Ireland	Henry Green	Loving
Chaotic	Great Britain;Ireland	Henry Green	Party Going
Chaotic	Great Britain;Ireland	Evelyn Waugh	A Handful of Dust
Chaotic	Great Britain;Ireland	Evelyn Waugh	Scoop
Chaotic	Great Britain;Ireland	Evelyn Waugh	Vile Bodies
Chaotic	Great Britain;Ireland	Evelyn Waugh	Put Out More Flags
Chaotic	Great Britain;Ireland	Anthony Burgess	Nothing Like the Sun
Chaotic	Great Britain;Ireland	G. B. Edwards	The Book of Ebenezer Le Page
Chaotic	Great Britain;Ireland	Iris Murdoch	The Good Apprentice
Chaotic	Great Britain;Ireland	Iris Murdoch	Bruno's Dream
Chaotic	Great Britain;Ireland	Graham Greene	Brighton Rock
Chaotic	Great Britain;Ireland	Graham Greene	The Heart of the Matter
Chaotic	Great Britain;Ireland	Graham Greene	The Power and the Glory
Chaotic	Great Britain;Ireland	Christopher Isherwood	The Berlin Stories
Chaotic	Great Britain;Ireland	Norman Douglas	South Wind
Chaotic	Great Britain;Ireland	Aldous Huxley	Collected Essays
Chaotic	Great Britain;Ireland	Aldous Huxley	Antic Hay
Chaotic	Great Britain;Ireland	Aldous Huxley	Point Counter Point
Chaotic	Great Britain;Ireland	Aldous Huxley	Brave New World
Chaotic	Great Britain;Ireland	Lawrence Durrell	Alexandria Quartet
Chaotic	Great Britain;Ireland	William Golding	Pincher Martin
Chaotic	Great Britain;Ireland	Doris Lessing	The Golden Notebook
Chaotic	Great Britain;Ireland	Mervyn Peake	The Gormenghast Trilogy
Chaotic	Great Britain;Ireland	Jeanette Winterson	The Passion
Chaotic	Great Britain;Ireland	W. H. Auden	Collected Poems
Chaotic	Great Britain;Ireland	W. H. Auden	The Dyer's Hand
Chaotic	Great Britain;Ireland	Roy Fuller	Collected Poems
Chaotic	Great Britain;Ireland	Gavin Ewart	Selected Poems
Chaotic	Great Britain;Ireland	Basil Bunting</li>	Collected Poems
Chaotic	Great Britain;Ireland	William Empson	Collected Poems
Chaotic	Great Britain;Ireland	William Empson	Milton's God
Chaotic	Great Britain;Ireland	William Empson	Some Versions of Pastoral
Chaotic	Great Britain;Ireland	George Wilson Knight	The Wheel of Fire
Chaotic	Great Britain;Ireland	George Wilson Knight	The Burning Oracle
Chaotic	Great Britain;Ireland	R. S. Thomas	Poems
Chaotic	Great Britain;Ireland	Frank Kermode	The Sense of an Ending
Chaotic	Great Britain;Ireland	Stevie Smith	Collected Poems
Chaotic	Great Britain;Ireland	F. T. Prince	Collected Poems
Chaotic	Great Britain;Ireland	Philip Larkin	Collected Poems
Chaotic	Great Britain;Ireland	Donald Davie	Selected Poems
Chaotic	Great Britain;Ireland	Geoffrey Hill	Collected Poems
Chaotic	Great Britain;Ireland	Jonathan Spence	The Death of Woman Wang
Chaotic	Great Britain;Ireland	Jonathan Spence	The Memory Palace of Matteo Ricci
Chaotic	Great Britain;Ireland	Elizabeth Jennings	Selected Poems
Chaotic	Great Britain;Ireland	Keith Douglas	The Complete Poems
Chaotic	Great Britain;Ireland	Hugh MacDiarmid	Complete Poems
Chaotic	Great Britain;Ireland	Louis MacNeice	Collected Poems
Chaotic	Great Britain;Ireland	Dylan Thomas	The Poems
Chaotic	Great Britain;Ireland	Nigel Dennis	Cards of Identity
Chaotic	Great Britain;Ireland	Seamus Heaney	Selected Poems: 1969-1987
Chaotic	Great Britain;Ireland	Seamus Heaney	Field Work
Chaotic	Great Britain;Ireland	Seamus Heaney	Station Island
Chaotic	Great Britain;Ireland	Thomas Kinsella	Peppercanister Poems
Chaotic	Great Britain;Ireland	Paul Muldoon	Selected Poems
Chaotic	Great Britain;Ireland	John Montague	Selected Poems
Chaotic	Great Britain;Ireland	John Arden	Plays
Chaotic	Great Britain;Ireland	Joe Orton	The Complete Plays
Chaotic	Great Britain;Ireland	Flann O'Brien	The Dalkey Archive
Chaotic	Great Britain;Ireland	Flann O'Brien	The Third Policeman
Chaotic	Great Britain;Ireland	Tom Stoppard	Travesties
Chaotic	Great Britain;Ireland	Harold Pinter	The Caretaker
Chaotic	Great Britain;Ireland	Harold Pinter	The Homecoming
Chaotic	Great Britain;Ireland	Edward Bond	The Fool
Chaotic	Great Britain;Ireland	Edward Bond	Saved
Chaotic	Great Britain;Ireland	George Orwell	Collected Essays
Chaotic	Great Britain;Ireland	George Orwell	1984
Chaotic	Great Britain;Ireland	Edna O'Brien	A Fanatic Heart
Chaotic	Germany	# <h3>Germany</h3>
Chaotic	Germany	Hugo von Hofmannsthal	Poems and Verse Plays
Chaotic	Germany	Hugo von Hofmannsthal	Selected Prose
Chaotic	Germany	Hugo von Hofmannsthal	Selected Plays and Libretti
Chaotic	Germany	Rainer Maria Rilke	Selected Poetry</cite> (including the <cite>Duino Elegies<
Chaotic	Germany	Rainer Maria Rilke	The Sonnets to Orpheus
Chaotic	Germany	Rainer Maria Rilke	The Notebooks of Malte Laurids Brigge
Chaotic	Germany	Rainer Maria Rilke	New Poems: First Part and Other Part
Chaotic	Germany	Hermann Broch	The Sleepwalkers
Chaotic	Germany	Hermann Broch	The Death of Virgil
Chaotic	Germany	Hermann Broch	Hugo von Hofmannsthal and His Time
Chaotic	Germany	Georg Trakl	Selected Poems
Chaotic	Germany	Gottfried Benn	Selected Poems
Chaotic	Germany	Franz Kafka	Amerika
Chaotic	Germany	Franz Kafka	The Complete Stories
Chaotic	Germany	Franz Kafka	The Blue Octavo Notebook
Chaotic	Germany	Franz Kafka	The Trial
Chaotic	Germany	Franz Kafka	The Diaries
Chaotic	Germany	Franz Kafka	The Castle
Chaotic	Germany	Franz Kafka	Parables, Fragments, Aphorisms
Chaotic	Germany	Bertolt Brecht	Poems, 1913-1956
Chaotic	Germany	Bertolt Brecht	The Threepenny Opera
Chaotic	Germany	Bertolt Brecht	The Good Woman of Setzuan
Chaotic	Germany	Bertolt Brecht	Mother Courage and Her Children
Chaotic	Germany	Bertolt Brecht	Galileo
Chaotic	Germany	Bertolt Brecht	The Caucasian Chalk Circle
Chaotic	Germany	Arthur Schnitzler	Plays and Stories
Chaotic	Germany	Frank Wedekind	Lulu Plays
Chaotic	Germany	Frank Wedekind	Spring Awakening
Chaotic	Germany	Karl Krauss	The Last Days of Mankind
Chaotic	Germany	Günter Eich	Moles
Chaotic	Germany	Thomas Mann	The Magic Mountain
Chaotic	Germany	Thomas Mann	Stories of Three Decades
Chaotic	Germany	Thomas Mann	Joseph and His Brothers
Chaotic	Germany	Thomas Mann	Doctor Faustus
Chaotic	Germany	Thomas Mann	Confessions of Felix Krull, Confidence Man
Chaotic	Germany	Alfred Döblin	Berlin Alexanderplatz
Chaotic	Germany	Hermann Hesse	The Glass Bead Game (Magister Ludi)
Chaotic	Germany	Hermann Hesse	Narcissus and Goldmund
Chaotic	Germany	Robert Musil	Young Törless
Chaotic	Germany	Robert Musil	The Man Without Qualities
Chaotic	Germany	Joseph Roth	The Radetzky March
Chaotic	Germany	Paul Celan	Poems
Chaotic	Germany	Thomas Bernhard	Woodcutters
Chaotic	Germany	Heinrich Böll	Billiards at Half-Past Nine
Chaotic	Germany	Ingeborg Bachmann	In the Storm of Roses
Chaotic	Germany	Hans Magnus Enzensberger	Poems for People Who Don't Read Poems
Chaotic	Germany	Walter Benjamin	Illuminations
Chaotic	Germany	Robert Walser	Selected Stories
Chaotic	Germany	Christa Wolf	Cassandra
Chaotic	Germany	Peter Handke	Slow Homecoming
Chaotic	Germany	Max Frisch	I'm Not Stiller
Chaotic	Germany	Max Frisch	Man in the Holocene
Chaotic	Germany	Günter Grass	The Tin Drum
Chaotic	Germany	Günter Grass	The Flounder
Chaotic	Germany	Friedrich Dürrenmatt	The Visit
Chaotic	Germany	Johannes Bobrowski	Shadow Lands
Chaotic	Russia	# <h3>Russia</h3>
Chaotic	Russia	Anna Akhmatova	Poems
Chaotic	Russia	Leonid Andreyev	Selected Tales
Chaotic	Russia	Andrey Bely	Petersburg
Chaotic	Russia	Osip Mandelshtam	Selected Poems
Chaotic	Russia	Velimir Khlebnikov	The King of Time
Chaotic	Russia	Vladimir Mayakovsky	The Bedbug and Selected Poetry
Chaotic	Russia	Mikhail Bulgakov	The Master and the Margarita
Chaotic	Russia	Mikhail Kuzmin	Alexandrian Songs
Chaotic	Russia	Maksim Gorky	Reminiscences of Tolstoy, Chekhov, and Andreev
Chaotic	Russia	Maksim Gorky	Autobiography
Chaotic	Russia	Ivan Bunin	Selected Stories
Chaotic	Russia	Isaac Babel	Collected Stories
Chaotic	Russia	Boris Pasternak	Doctor Zhivago
Chaotic	Russia	Boris Pasternak	Selected Poems
Chaotic	Russia	Yury Olesha	Envy
Chaotic	Russia	Marina Tsvetayeva	Selected Poems
Chaotic	Russia	Mikhail Zoshchenko	Nervous People and Other Satires
Chaotic	Russia	Andrei Platonov	The Foundation Pit
Chaotic	Russia	Aleksandr Solzhenitsyn	One Day in the Life of Ivan Denisovich
Chaotic	Russia	Aleksandr Solzhenitsyn	The Cancer Ward
Chaotic	Russia	Aleksandr Solzhenitsyn	The Gulag Archipelago
Chaotic	Russia	Aleksandr Solzhenitsyn	August 1914
Chaotic	Russia	Joesph Brodsky	A Part of Speech: Poems
Chaotic	Scandinavia	# <h3>Scandinavia</h3>
Chaotic	Scandinavia	Isak Dinesen	Winter's Tales
Chaotic	Scandinavia	Isak Dinesen	Seven Gothic Tales
Chaotic	Scandinavia	Martin Andersen Nexø	Pelle the Conqueror
Chaotic	Scandinavia	Knut Hamsun	Hunger
Chaotic	Scandinavia	Knut Hamsun	Pan
Chaotic	Scandinavia	Sigrid Undset	Kristin Lavransdatter
Chaotic	Scandinavia	Gunnar Ekelöf	Guide to the Underworld
Chaotic	Scandinavia	Tomas Tranströmer	Selected Poems
Chaotic	Scandinavia	Pär Lagerkvist	Barabbas
Chaotic	Scandinavia	Lars Gustafsson	Selected Poems
Chaotic	Serbo-Croat	# <h3>Serbo-Croat</h3>
Chaotic	Serbo-Croat	Ivo Andric	The Bridge on the Drina
Chaotic	Serbo-Croat	Vasko Popa	Selected Poems
Chaotic	Serbo-Croat	Danilo Kis	A Tomb for Boris Davidovich
Chaotic	Czech	# <h3>Czech</h3>
Chaotic	Czech	Karel Capek	War with the Newts
Chaotic	Czech	Karel Capek	R.U.R
Chaotic	Czech	Vaclav Havel	Largo Desolato
Chaotic	Czech	Milan Kundera	The Unbearable Lightness of Being
Chaotic	Czech	Jaroslav Seifert	Selected Poetry
Chaotic	Czech	Miroslav Holub	The Fly
Chaotic	Polish	# <h3>Polish</h3>
Chaotic	Polish	Bruno Schulz	The Street of Crocodiles
Chaotic	Polish	Bruno Schulz	Sanatorium Under the Sign of the Hourglass
Chaotic	Polish	Czeslaw Milosz	Selected Poems
Chaotic	Polish	Witold Gombrowicz	Three Novels
Chaotic	Polish	Stanislaw Lem	The Investigation
Chaotic	Polish	Stanislaw Lem	Solaris
Chaotic	Polish	Zbigniew Herbert	Selected Poems
Chaotic	Polish	Adam Zagajewski	Tremor
Chaotic	Hungarian	# <h3>Hungarian</h3>
Chaotic	Hungarian	Attila József	Perched on Nothing's Branch
Chaotic	Hungarian	Ferenc Juhasz	Selected Poems
Chaotic	Hungarian	Laszlo Németh	Guilt
Chaotic	Greek	# <h3>Modern Greek</h3>
Chaotic	Greek	C. P. Cavafy	Collected Poems
Chaotic	Greek	George Seferis	Collected Poems
Chaotic	Greek	Nikos Kazantzakis	The Greek Passion
Chaotic	Greek	Nikos Kazantzakis	The Odyssey: A Modern Sequel
Chaotic	Greek	Yannis Ritsos	Exile and Return
Chaotic	Greek	Odysseas Elytis	What I Love: Selected Poems
Chaotic	Greek	Angelos Sikelianos	Selected Poems
Chaotic	Yiddish	# <h3>Yiddish</h3>
Chaotic	Yiddish	Sholem Aleichem	Tevye the Dairyman</cite> and <cite>The Railroad Stories
Chaotic	Yiddish	Sholem Aleichem	The Nightingale
Chaotic	Yiddish	Mendele Mokher Seforim	The Travels and Adventures of Benjamin the Third
Chaotic	Yiddish	I. L. Peretz	Selected Stories
Chaotic	Yiddish	Jacob Glatstein	Selected Poems
Chaotic	Yiddish	Moshe-Leib Halpern	Selected Poems
Chaotic	Yiddish	H. Leivick (Leivick Halpern)	Selected Poems
Chaotic	Yiddish	Israel Joshua Singer	The Brothers Ashkenazi
Chaotic	Yiddish	Israel Joshua Singer	Yoshe Kalb
Chaotic	Yiddish	Chaim Grade	The Yeshiva
Chaotic	Yiddish	S. Ansky	The Dybbuk
Chaotic	Yiddish	Mani Leib	Selected Poems
Chaotic	Yiddish	Sholem Asch	East River
Chaotic	Yiddish	Isaac Bashevis Singer	Collected Stories
Chaotic	Yiddish	Isaac Bashevis Singer	In My Father's Court
Chaotic	Yiddish	Isaac Bashevis Singer	The Manor, the Estate, the Family Moskat
Chaotic	Yiddish	Isaac Bashevis Singer	Satan in Goray
Chaotic	Hebrew	# <h3>Hebrew</h3>
Chaotic	Hebrew	Hayyim Nahman Bialik	Shirot Bialik: The Epic Poems
Chaotic	Hebrew	S. Y. Agnon	In the Heart of the Seas
Chaotic	Hebrew	S. Y. Agnon	Twenty-One Stories
Chaotic	Hebrew	Aharon Appelfeld	The Immortal Bartfuss
Chaotic	Hebrew	Aharon Appelfeld	Badenheim 1939
Chaotic	Hebrew	Yaakov Shabtai	Past Continuous
Chaotic	Hebrew	Yehuda Amichai	Selected Poetry
Chaotic	Hebrew	Yehuda Amichai	Travels
Chaotic	Hebrew	A. B. Yehoshua	A Late Divorce
Chaotic	Hebrew	Amos Oz	A Perfect Peace
Chaotic	Hebrew	T. Carmi	At the Stone of Losses
Chaotic	Hebrew	Nathan Zach	Selected Poems
Chaotic	Hebrew	Dalia Ravikovitch	A Dress of Fire
Chaotic	Hebrew	Dan Pagis	Selected Poems
Chaotic	Hebrew	David Shahar	The Palace of Shattered Vessels
Chaotic	Hebrew	David Grossman	See Under: Love
Chaotic	Hebrew	Yoram Kaniuk	His Daughter
Chaotic	Arabic	# <h3>Arabic</h3>
Chaotic	Arabic	Najib Mahfuz	Midaq Alley
Chaotic	Arabic	Najib Mahfuz	Fountain and Tomb
Chaotic	Arabic	Najib Mahfuz	Miramar
Chaotic	Arabic	Adunis	Selected Poems
Chaotic	Arabic	Mahmud Darwish	The Music of Human Flesh
Chaotic	Arabic	Taha Husayn	An Egyptian Childhood
Chaotic	Latin America	# <h3>Latin America</h3>
Chaotic	Latin America	Rubén Dário	Selected Poetry
Chaotic	Latin America	Jorge Luis Borges	The Aleph and Other Stories
Chaotic	Latin America	Jorge Luis Borges	Dreamtigers (The Maker)
Chaotic	Latin America	Jorge Luis Borges	Ficciones
Chaotic	Latin America	Jorge Luis Borges	Labyrinths
Chaotic	Latin America	Jorge Luis Borges	A Personal Anthology
Chaotic	Latin America	Alejo Carpentier	Explosion in a Cathedral
Chaotic	Latin America	Alejo Carpentier	The Lost Steps
Chaotic	Latin America	Alejo Carpentier	Reasons of State
Chaotic	Latin America	Alejo Carpentier	The Kingdom of This World
Chaotic	Latin America	Guillermo Cabrera Infante	Three Trapped Tigers
Chaotic	Latin America	Guillermo Cabrera Infante	View of Dawn in the Tropics
Chaotic	Latin America	Severo Sarduy	Maitreya
Chaotic	Latin America	Reinaldo Arenas	The Ill-Fated Peregrinations of Fray Servando
Chaotic	Latin America	Pablo Neruda	Canto General
Chaotic	Latin America	Pablo Neruda	Residence on Earth
Chaotic	Latin America	Pablo Neruda	Twenty Love Poems and a Song of Despair
Chaotic	Latin America	Pablo Neruda	Fully Empowered
Chaotic	Latin America	Pablo Neruda	Selected Poems
Chaotic	Latin America	Nicolás Guillén	Selected Poems
Chaotic	Latin America	Octavio Paz	The Collected Poems
Chaotic	Latin America	Octavio Paz	The Labyrinth of Solitude
Chaotic	Latin America	César Vallejo	Selected Poems
Chaotic	Latin America	César Vallejo	Spain, Take This Cup from Me
Chaotic	Latin America	Miguel Angel Asturias	Men of Maize
Chaotic	Latin America	José Lezama Lima	Paradiso
Chaotic	Latin America	José Donoso	The Obscene Bird of Night
Chaotic	Latin America	Julio Cortázar	Hopscotch
Chaotic	Latin America	Julio Cortázar	All Fires the Fire
Chaotic	Latin America	Julio Cortázar	Blow-up and Other Stories
Chaotic	Latin America	Gabriel García Márquez	One Hundred Years of Solitude
Chaotic	Latin America	Gabriel García Márquez	Love in the Time of Cholera
Chaotic	Latin America	Mario Vargas Llosa	The War of the End of the World
Chaotic	Latin America	Carlos Fuentes	A Change of Skin
Chaotic	Latin America	Carlos Fuentes	Terra Nostra
Chaotic	Latin America	Carlos Drummond de Andrade	Travelling in the Family
Chaotic	West Indies	# <h3>The West Indies</h3>
Chaotic	West Indies	C. L. R. James	The Black Jacobins
Chaotic	West Indies	C. L. R. James	The Future in the Present
Chaotic	West Indies	V. S. Naipaul	A Bend in the River
Chaotic	West Indies	V. S. Naipaul	A House for Mr. Biswas
Chaotic	West Indies	Derek Walcott	Collected Poems
Chaotic	West Indies	Wilson Harris	The Guyana Quartet
Chaotic	West Indies	Michael Thelwell	The Harder They Come
Chaotic	West Indies	Aimé Césaire	Collected Poetry
Chaotic	Africa	# <h3>Africa</h3>
Chaotic	Africa	Chinua Achebe	Things Fall Apart
Chaotic	Africa	Chinua Achebe	Arrow of God
Chaotic	Africa	Chinua Achebe	No Longer at Ease
Chaotic	Africa	Wole Soyinka	A Dance of the Forest
Chaotic	Africa	Amos Tutuola	The Palm-Wine Drinkard and His Dead Palm-Wine Tapster in the Dead's Town
Chaotic	Africa	Christopher Okigbo	Labyrinths, with Path of Thunder
Chaotic	Africa	John Pepper Clark (-Bekederemo)	Casualties: Poems
Chaotic	Africa	Ayi K. Armah	The Beautyful Ones Are Not Yet Born
Chaotic	Africa	Wa Thiong'o Ngugi	A Grain of Wheat
Chaotic	Africa	Gabriel Okara	The Fisherman's Invocation
Chaotic	Africa	Nadine Gordimer	Collected Stories
Chaotic	Africa	J. M. Coetzee	Foe
Chaotic	Africa	Athol Fugard	A Lesson from Aloes
Chaotic	Africa	Léopold S. Senghor	Selected Poems
Chaotic	India	# <h3>India (in English)</h3>
Chaotic	India	R. K. Narayan	The Guide
Chaotic	India	Salman Rushdie	Midnight's Children
Chaotic	India	Ruth Prawer Jhabvala	Heat and Dust
Chaotic	Canada	# <h3>Canada</h3>
Chaotic	Canada	Malcolm Lowry	Under the Volcano
Chaotic	Canada	Robertson Davies	The Deptford Trilogy
Chaotic	Canada	Robertson Davies	The Rebel Angels
Chaotic	Canada	Alice Munro	Something I've Been Meaning to Tell You
Chaotic	Canada	Northrop Frye	Fables of Identity
Chaotic	Canada	Anne Hébert	Selected Poems
Chaotic	Canada	Jay Macpherson	Poems Twice Told
Chaotic	Canada	Margaret Atwood	Surfacing
Chaotic	Canada	Daryl Hine	Selected Poems
Chaotic	Australia;New Zealand	# <h3>Australia and New Zealand</h3>
Chaotic	Australia;New Zealand	Miles (Stella) Franklin	My Brilliant Career
Chaotic	Australia;New Zealand	Katherine Mansfield	The Short Stories
Chaotic	Australia;New Zealand	A. D. Hope	Collected Poems
Chaotic	Australia;New Zealand	Patrick White	Riders in the Chariot
Chaotic	Australia;New Zealand	Patrick White	A Fringe of Leaves
Chaotic	Australia;New Zealand	Patrick White	Voss
Chaotic	Australia;New Zealand	Christina Stead	The Man Who Loved Children
Chaotic	Australia;New Zealand	Judith Wright	Selected Poems
Chaotic	Australia;New Zealand	Les A. Murray	The Rabbiter's Bounty: Collected Poems
Chaotic	Australia;New Zealand	Thomas Keneally	The Playmaker
Chaotic	Australia;New Zealand	Thomas Keneally	Schindler's List
Chaotic	Australia;New Zealand	David Malouf	An Imaginary Life
Chaotic	Australia;New Zealand	Kevin Hart	Peniel and Other Poems
Chaotic	Australia;New Zealand	Peter Carey	Oscar and Lucinda
Chaotic	Australia;New Zealand	Peter Carey	Illywhacker
Chaotic	United States	# <h3>The United States</h3>
Chaotic	United States	Edwin Arlington Robinson	Selected Poems
Chaotic	United States	Robert Frost	The Poetry
Chaotic	United States	Edith Wharton	Collected Short Stories
Chaotic	United States	Edith Wharton	The Age of Innocence
Chaotic	United States	Edith Wharton	Ethan Frome
Chaotic	United States	Edith Wharton	The House of Mirth
Chaotic	United States	Edith Wharton	The Custom of the Country
Chaotic	United States	Willa Cather	My Ántonia
Chaotic	United States	Willa Cather	The Professor's House
Chaotic	United States	Willa Cather	A Lost Lady
Chaotic	United States	Gertrude Stein	Three Lives
Chaotic	United States	Gertrude Stein	The Geographical History of America
Chaotic	United States	Gertrude Stein	The Making of Americans
Chaotic	United States	Gertrude Stein	Tender Buttons
Chaotic	United States	Wallace Stevens	Collected Poems
Chaotic	United States	Wallace Stevens	The Necessary Angel
Chaotic	United States	Wallace Stevens	Opus Posthumous
Chaotic	United States	Wallace Stevens	The Palm at the End of the Mind
Chaotic	United States	Vachel Lindsay	Collected Poems
Chaotic	United States	Edgar Lee Masters	Spoon River Anthology
Chaotic	United States	Theodore Dreiser	Sister Carrie
Chaotic	United States	Theodore Dreiser	An American Tragedy
Chaotic	United States	Sherwood Anderson	Winesburg, Ohio
Chaotic	United States	Sherwood Anderson	Death in the Woods and Other Stories
Chaotic	United States	Sinclair Lewis	Babbitt
Chaotic	United States	Sinclair Lewis	It Can't Happen Here
Chaotic	United States	Elinor Wylie	Last Poems
Chaotic	United States	William Carlos Williams	Spring and All
Chaotic	United States	William Carlos Williams	Paterson
Chaotic	United States	William Carlos Williams	Collected Poems
Chaotic	United States	Ezra Pound	Personae: Collected Poems
Chaotic	United States	Ezra Pound	The Cantos
Chaotic	United States	Ezra Pound	Literary Essays
Chaotic	United States	Robinson Jeffers	Selected Poems
Chaotic	United States	Marianne Moore	Complete Poems
Chaotic	United States	Hilda Doolittle (H.D.)	Selected Poems
Chaotic	United States	John Crowe Ransom	Selected Poems
Chaotic	United States	T. S. Eliot	The Complete Poems and Plays
Chaotic	United States	T. S. Eliot	Selected Essays
Chaotic	United States	Katherine Anne Porter	Collected Stories
Chaotic	United States	Jean Toomer	Cane
Chaotic	United States	John Dos Passos	U.S.A
Chaotic	United States	Conrad Aiken	Collected Poems
Chaotic	United States	Eugene O'Neill	Lazarus Laughed
Chaotic	United States	Eugene O'Neill	The Iceman Cometh
Chaotic	United States	Eugene O'Neill	Long Day's Journey Into Night
Chaotic	United States	e. e. cummings	Complete Poems
Chaotic	United States	John B. Wheelwright	Collected Poems
Chaotic	United States	Robert Fitzgerald	Spring Shade: Poems
Chaotic	United States	Louise Bogan	The Blue Estuaries: Selected Poems
Chaotic	United States	Léonie Adams	Poems: A Selection
Chaotic	United States	Hart Crane	Complete Poems</cite> and <cite>Selected Letters and Prose
Chaotic	United States	Allen Tate	Collected Poems
Chaotic	United States	F. Scott Fitzgerald	Babylon Revisited and Other Stories
Chaotic	United States	F. Scott Fitzgerald	The Great Gatsby
Chaotic	United States	F. Scott Fitzgerald	Tender is the Night
Chaotic	United States	William Faulkner	As I Lay Dying
Chaotic	United States	William Faulkner	Sanctuary
Chaotic	United States	William Faulkner	Light in August
Chaotic	United States	William Faulkner	Absalom, Absalom!
Chaotic	United States	William Faulkner	The Sound and the Fury
Chaotic	United States	William Faulkner	The Wild Palms
Chaotic	United States	William Faulkner	The Collected Stories
Chaotic	United States	William Faulkner	The Hamlet
Chaotic	United States	Ernest Hemingway	Complete Short Stories
Chaotic	United States	Ernest Hemingway	A Farewell to Arms
Chaotic	United States	Ernest Hemingway	The Sun Also Rises
Chaotic	United States	Ernest Hemingway	The Garden of Eden
Chaotic	United States	John Steinbeck	The Grapes of Wrath
Chaotic	United States	Zora Neale Hurston	Their Eyes Were Watching God
Chaotic	United States	Nathanael West	Miss Lonelyhearts
Chaotic	United States	Nathanael West	A Cool Million
Chaotic	United States	Nathanael West	The Day of the Locust
Chaotic	United States	Richard Wright	Native Son
Chaotic	United States	Richard Wright	Black Boy
Chaotic	United States	Eudora Welty	Collected Stories
Chaotic	United States	Eudora Welty	Delta Wedding
Chaotic	United States	Eudora Welty	The Robber Bridegroom
Chaotic	United States	Eudora Welty	The Ponder Heart
Chaotic	United States	Langston Hughes	Selected Poems
Chaotic	United States	Langston Hughes	The Big Sea
Chaotic	United States	Langston Hughes	I Wonder as I Wander
Chaotic	United States	Edmund Wilson	The Shores of Light
Chaotic	United States	Edmund Wilson	Patriotic Gore
Chaotic	United States	Kenneth Burke	Counter-statement
Chaotic	United States	Kenneth Burke	A Rhetoric of Motives
Chaotic	United States	Joseph Mitchell	Up in the Old Hotel
Chaotic	United States	Abraham Cahan	The Rise of David Levinsky
Chaotic	United States	Kay Boyle	Three Short Novels
Chaotic	United States	Ellen Glasgow	Barren Ground
Chaotic	United States	Ellen Glasgow	Vein of Iron
Chaotic	United States	John P. Marquand	H. M. Pulham, Esquire
Chaotic	United States	John O'Hara	Collected Stories
Chaotic	United States	John O'Hara	Appointment in Samarra
Chaotic	United States	Henry Roth	Call It Sleep
Chaotic	United States	Thornton Wilder	Three Plays
Chaotic	United States	Robert Penn Warren	All the King's Men
Chaotic	United States	Robert Penn Warren	World Enough and Time
Chaotic	United States	Robert Penn Warren	Selected Poems
Chaotic	United States	Delmore Schwartz	Selected Poems: Summer Knowledge
Chaotic	United States	Weldon Kees	Collected Poems
Chaotic	United States	Elizabeth Bishop	The Complete Poems
Chaotic	United States	John Berryman	Collected Poems
Chaotic	United States	Paul Bowles	The Sheltering Sky
Chaotic	United States	Randall Jarrell	Complete Poems
Chaotic	United States	Charles Olson	The Maximus Poems
Chaotic	United States	Charles Olson	Collected Poems
Chaotic	United States	Robert Hayden	Collected Poems
Chaotic	United States	Robert Lowell	Collected Poems
Chaotic	United States	Theodore Roethke	Collected Poems
Chaotic	United States	Theodore Roethke	Straw for the Fire
Chaotic	United States	James Agee	Permit Me Voyage
Chaotic	United States	James Agee	Let Us Now Praise Famous Men
Chaotic	United States	Jean Garrigue	Selected Poems
Chaotic	United States	May Swenson	New & Selected Things Taking Place
Chaotic	United States	May Swenson	In Other Words
Chaotic	United States	Robert Duncan	Bending the Bow
Chaotic	United States	Richard Wilbur	New and Collected Poems
Chaotic	United States	Richard Eberhart	Collected Poems
Chaotic	United States	M. B. Tolson	Harlem Gallery
Chaotic	United States	Kenneth Koch	Seasons on Earth
Chaotic	United States	Frank O' Hara	Selected Poems
Chaotic	United States	James Schuyler	Collected Poems
Chaotic	United States	James Baldwin	The Price of a Ticket
Chaotic	United States	Saul Bellow	Seize the Day
Chaotic	United States	Saul Bellow	The Adventures of Augie March
Chaotic	United States	Saul Bellow	Herzog
Chaotic	United States	John Cheever	The Stories
Chaotic	United States	John Cheever	Bullet Park
Chaotic	United States	Ralph Ellison	Invisible Man
Chaotic	United States	Truman Capote	In Cold Blood
Chaotic	United States	Carson McCullers	The Ballad of the Sad Cafe
Chaotic	United States	Carson McCullers	The Heart is a Lonely Hunter
Chaotic	United States	Flannery O'Connor	Complete Stories
Chaotic	United States	Flannery O'Connor	The Violent Bear It Away
Chaotic	United States	Flannery O'Connor	Wise Blood
Chaotic	United States	Vladimir Nabokov	Lolita
Chaotic	United States	Vladimir Nabokov	Pale Fire
Chaotic	United States	Gore Vidal	Myra Breckenridge
Chaotic	United States	Gore Vidal	Lincoln
Chaotic	United States	William Styron	The Long March
Chaotic	United States	J. D. Salinger	The Catcher in the Rye
Chaotic	United States	J. D. Salinger	Nine Stories
Chaotic	United States	Wright Morris	Ceremony in Lone Tree
Chaotic	United States	Bernard Malamud	The Stories
Chaotic	United States	Bernard Malamud	The Fixer
Chaotic	United States	Norman Mailer	Advertisements for Myself
Chaotic	United States	Norman Mailer	The Executioner's Song
Chaotic	United States	Norman Mailer	Ancient Evenings
Chaotic	United States	John Hawkes	The Cannibal
Chaotic	United States	John Hawkes	Second Skin
Chaotic	United States	William Gaddis	The Recognitions
Chaotic	United States	Tennessee Williams	The Glass Menagerie
Chaotic	United States	Tennessee Williams	A Streetcar Named Desire
Chaotic	United States	Tennessee Williams	Summer and Smoke
Chaotic	United States	Arthur Miller	Death of a Salesman
Chaotic	United States	Edwin Justus Mayer	Children of Darkness
Chaotic	United States	Harold Brodkey	Stories in an Almost Classical Mode
Chaotic	United States	Ursula K. LeGuin	The Left Hand of Darkness
Chaotic	United States	Raymond Carver	Where I'm Calling From
Chaotic	United States	Robert Coover	Spanking the Maid
Chaotic	United States	Don DeLillo	White Noise
Chaotic	United States	Don DeLillo	Libra
Chaotic	United States	Don DeLillo	Running Dog
Chaotic	United States	Don DeLillo	Mao II
Chaotic	United States	John Crowley	Little, Big
Chaotic	United States	John Crowley	Aegypt
Chaotic	United States	John Crowley	Love and Sleep
Chaotic	United States	Guy Davenport	Tatlin!
Chaotic	United States	James Dickey	The Early Motion
Chaotic	United States	James Dickey	The Central Motion
Chaotic	United States	E. L. Doctorow	The Book of Daniel
Chaotic	United States	E. L. Doctorow	World's Fair
Chaotic	United States	Stanley Elkin	The Living End
Chaotic	United States	William H. Gass	In the Heart of the Heart of the Country
Chaotic	United States	William H. Gass	Omensetter's Luck
Chaotic	United States	Russell Hoban	Riddley Walker
Chaotic	United States	Denis Johnson	Angels
Chaotic	United States	Denis Johnson	Fiskadoro
Chaotic	United States	Denis Johnson	Jesus' Son
Chaotic	United States	Cormac McCarthy	Blood Meridian
Chaotic	United States	Cormac McCarthy	Suttree
Chaotic	United States	Cormac McCarthy	Child of God
Chaotic	United States	William Kennedy	Ironweed
Chaotic	United States	William Kennedy	The Albany Cycle
Chaotic	United States	Toni Morrison	Song of Solomon
Chaotic	United States	Gloria Naylor	The Women of Brewster Place
Chaotic	United States	Joyce Carol Oates	Them
Chaotic	United States	Walker Percy	The Moviegoer
Chaotic	United States	Grace Paley	The Little Disturbances of Man
Chaotic	United States	Thomas Pynchon	V
Chaotic	United States	Thomas Pynchon	The Crying of Lot 49
Chaotic	United States	Thomas Pynchon	Gravity's Rainbow
Chaotic	United States	Cynthia Ozick	Envy, or Yiddish in America
Chaotic	United States	Cynthia Ozick	The Messiah of Stockholm
Chaotic	United States	Ishmael Reed	Mumbo Jumbo
Chaotic	United States	Philip Roth	Portnoy's Complaint
Chaotic	United States	Philip Roth	My Life as a Man
Chaotic	United States	Philip Roth	Zuckerman Bound: A Trilogy and Epilogue
Chaotic	United States	Philip Roth	The Counterlife
Chaotic	United States	Philip Roth	Patrimony
Chaotic	United States	Philip Roth	Operation Shylock
Chaotic	United States	James Salter	Solo Faces
Chaotic	United States	James Salter	Light Years
Chaotic	United States	Robert Stone	Dog Soldiers
Chaotic	United States	Robert Stone	A Flag for Sunrise
Chaotic	United States	John Barth	The Floating Opera
Chaotic	United States	John Barth	The End of the Road
Chaotic	United States	John Barth	The Sot-Weed Factor
Chaotic	United States	Walter Abish	Alphabetical Africa
Chaotic	United States	Walter Abish	How German Is It
Chaotic	United States	Walter Abish	Eclipse Fever
Chaotic	United States	Walter Abish	I Am the Dust Under Your Feet
Chaotic	United States	Donald Barthelme	Forty Stories
Chaotic	United States	Donald Barthelme	The Dead Father
Chaotic	United States	Thomas M. Disch	On Wings of Song
Chaotic	United States	Paul Theroux	The Mosquito Coast
Chaotic	United States	John Updike	The Witches of Eastwick
Chaotic	United States	Kurt Vonnegut, Jr	Cat's Cradle
Chaotic	United States	Edmund White	Forgetting Elena
Chaotic	United States	Edmund White	Nocturnes for the King of Naples
Chaotic	United States	James McCourt	Time Remaining
Chaotic	United States	James Wilcox	Modern Baptists
Chaotic	United States	A. R. Ammons	Collected Poems
Chaotic	United States	A. R. Ammons	Selected Longer Poems
Chaotic	United States	A. R. Ammons	Sphere: The Form of a Motion
Chaotic	United States	John Ashbery	The Double Dream of Spring
Chaotic	United States	John Ashbery	Houseboat Days
Chaotic	United States	John Ashbery	Selected Poems
Chaotic	United States	John Ashbery	Flow Chart
Chaotic	United States	John Ashbery	Hotel Lautréamont
Chaotic	United States	John Ashbery	And the Stars Were Shining
Chaotic	United States	David Mamet	American Buffalo
Chaotic	United States	David Mamet	Speed-the-Plow
Chaotic	United States	David Rabe	Streamers
Chaotic	United States	Sam Shepard	Seven Plays
Chaotic	United States	August Wilson	Fences
Chaotic	United States	August Wilson	Joe Turner's Come and Gone
Chaotic	United States	Anthony Hecht	Collected Earlier Poems
Chaotic	United States	Edgar Bowers	Living Together: New and Selected Poems
Chaotic	United States	Donald Justice	Selected Poems
Chaotic	United States	James Merrill	From the First Nine
Chaotic	United States	James Merrill	The Changing Light at Sandover
Chaotic	United States	W. S. Merwin	Selected Poems
Chaotic	United States	James Wright	Above the River: The Complete Poems
Chaotic	United States	Galway Kinnell	Selected Poems
Chaotic	United States	Philip Levine	Selected Poems
Chaotic	United States	Irving Feldman	New and Selected Poems
Chaotic	United States	Donald Hall	The One Day
Chaotic	United States	Donald Hall	Old and New Poems
Chaotic	United States	Alvin Feinman	Poems
Chaotic	United States	Richard Howard	Untitled Subjects
Chaotic	United States	Richard Howard	Findings
Chaotic	United States	John Hollander	Reflections on Espionage
Chaotic	United States	John Hollander	Selected Poetry
Chaotic	United States	John Hollander	Tesserae
Chaotic	United States	Gary Snyder	No Nature: New and Selected Poems
Chaotic	United States	Charles Simic	Selected Poems
Chaotic	United States	Mark Strand	Selected Poems
Chaotic	United States	Mark Strand	The Continuous Life
Chaotic	United States	Mark Strand	Dark Harbor
Chaotic	United States	Charles Wright	The World of the Ten Thousand Things
Chaotic	United States	Jay Wright	Dimensions of History
Chaotic	United States	Jay Wright	The Double Invention of Komo
Chaotic	United States	Jay Wright	Selected Poems
Chaotic	United States	Jay Wright	Elaine's Book
Chaotic	United States	Jay Wright	Boleros
Chaotic	United States	Amy Clampitt	Westward
Chaotic	United States	Allen Grossman	The Ether Dome and Other Poems: New and Selected
Chaotic	United States	Howard Moss	New Selected Poems
Chaotic	United States	James Applewhite	River Writing: An Eno Journal
Chaotic	United States	J. D. McClatchy	The Rest of the Way
Chaotic	United States	Alfred Corn	A Call in the Midst of the Crowd
Chaotic	United States	Douglas Crase	The Revisionist
Chaotic	United States	Rita Dove	Selected Poems
Chaotic	United States	Thylias Moss	Small Congregations: New and Selected Poems
Chaotic	United States	Edward Hirsch	Earthly Measures
Chaotic	United States	Tony Kushner	Angels in America
